[2026-Aug-12 21:34:41.706 +02:00][ 7692:12140][warning] Failed to setup Krisp module, error code: -3
[2026-Aug-12 21:34:41.707 +02:00][ 7692:12140][info ] Krisp SDK initialized
[2026-Aug-12 21:40:26.988 +02:00][ 7692:12140][info ] Logging initialized
[2026-Aug-12 21:40:26.988 +02:00][ 7692:12140][info ] Initializing krisp SDK...
[2026-Aug-12 21:40:26.988 +02:00][ 7692:12140][warning] Failed to setup Krisp module, error code: -3
[2026-Aug-12 21:40:26.989 +02:00][ 7692:12140][info ] Krisp SDK initialized
[2026-Aug-12 21:40:58.913 +02:00][ 7692:12140][info ] Logging initialized
[2026-Aug-12 21:40:58.913 +02:00][ 7692:12140][info ] Initializing krisp SDK...
[2026-Aug-12 21:40:58.913 +02:00][ 7692:12140][warning] Failed to setup Krisp module, error code: -3
[2026-Aug-12 21:40:58.913 +02:00][ 7692:12140][info ] Krisp SDK initialized
[2026-Aug-12 22:52:00.050 +02:00][ 7692:12140][info ] Logging initialized
[2026-Aug-12 22:52:00.050 +02:00][ 7692:12140][info ] Initializing krisp SDK...
[2026-Aug-12 22:52:00.050 +02:00][ 7692:12140][warning] Failed to setup Krisp module, error code: -3
[2026-Aug-12 22:52:00.050 +02:00][ 7692:12140][info ] Krisp SDK initialized
[2026-Aug-13 02:37:27.596 +02:00][ 7692:12140][info ] Logging initialized
[2026-Aug-13 02:37:27.596 +02:00][ 7692:12140][info ] Initializing krisp SDK...
[2026-Aug-13 02:37:27.596 +02:00][ 7692:12140][warning] Failed to setup Krisp module, error code: -3
[2026-Aug-13 02:37:27.596 +02:00][ 7692:12140][info ] Krisp SDK initialized
[2026-Aug-13 14:12:37.857 +02:00][41260:41804][info ] Logging initialized
[2026-Aug-13 14:12:37.857 +02:00][41260:41804][info ] Initializing krisp SDK...
[2026-Aug-13 14:12:37.857 +02:00][41260:41804][info ] DoKrispInitialize
[2026-Aug-13 14:12:37.858 +02:00][41260:41804][warning] Application not signed by Discord, Krisp is not enabled
[2026-Aug-13 14:12:37.859 +02:00][41260:41804][warning] Failed to setup Krisp module, error code: -3
[2026-Aug-13 14:12:37.859 +02:00][41260:41804][info ] Krisp SDK initialized
[2026-Aug-13 14:16:00.407 +02:00][41260:41804][info ] Logging initialized
[2026-Aug-13 14:16:00.407 +02:00][41260:41804][info ] Initializing krisp SDK...
[2026-Aug-13 14:16:00.407 +02:00][41260:41804][warning] Failed to setup Krisp module, error code: -3
[2026-Aug-13 14:16:00.407 +02:00][41260:41804][info ] Krisp SDK initialized
[2026-Aug-13 14:35:16.358 +02:00][41260:41804][info ] Logging initialized
[2026-Aug-13 14:35:16.358 +02:00][41260:41804][info ] Initializing krisp SDK...
[2026-Aug-13 14:35:16.358 +02:00][41260:41804][warning] Failed to setup Krisp module, error code: -3
[2026-Aug-13 14:35:16.358 +02:00][41260:41804][info ] Krisp SDK initialized
[2026-Aug-13 14:43:27.453 +02:00][41260:41804][info ] Logging initialized
[2026-Aug-13 14:43:27.453 +02:00][41260:41804][info ] Initializing krisp SDK...
[2026-Aug-13 14:43:27.453 +02:00][41260:41804][warning] Failed to setup Krisp module, error code: -3
[2026-Aug-13 14:43:27.453 +02:00][41260:41804][info ] Krisp SDK initialized
[2026-Aug-13 14:44:26.035 +02:00][41260:41804][info ] Logging initialized
[2026-Aug-13 14:44:26.035 +02:00][41260:41804][info ] Initializing krisp SDK...
[2026-Aug-13 14:44:26.035 +02:00][41260:41804][warning] Failed to setup Krisp module, error code: -3
[2026-Aug-13 14:44:26.035 +02:00][41260:41804][info ] Krisp SDK initialized
[2026-Aug-13 14:45:02.934 +02:00][41260:41804][info ] Logging initialized
[2026-Aug-13 14:45:02.934 +02:00][41260:41804][info ] Initializing krisp SDK...
[2026-Aug-13 14:45:02.934 +02:00][41260:41804][warning] Failed to setup Krisp module, error code: -3
[2026-Aug-13 14:45:02.934 +02:00][41260:41804][info ] Krisp SDK initialized
[2026-Aug-13 14:45:02.935 +02:00][41260:41804][info ] Logging initialized
[2026-Aug-13 14:45:02.935 +02:00][41260:41804][info ] Initializing krisp SDK...
[2026-Aug-13 14:45:02.935 +02:00][41260:41804][warning] Failed to setup Krisp module, error code: -3
[2026-Aug-13 14:45:02.935 +02:00][41260:41804][info ] Krisp SDK initialized
[2026-Aug-13 14:52:48.073 +02:00][41260:41804][info ] Logging initialized
[2026-Aug-13 14:52:48.073 +02:00][41260:41804][info ] Initializing krisp SDK...
[2026-Aug-13 14:52:48.073 +02:00][41260:41804][warning] Failed to setup Krisp module, error code: -3
[2026-Aug-13 14:52:48.073 +02:00][41260:41804][info ] Krisp SDK initialized
[2026-Aug-13 14:54:07.983 +02:00][41260:41804][info ] Logging initialized
[2026-Aug-13 14:54:07.983 +02:00][41260:41804][info ] Initializing krisp SDK...
[2026-Aug-13 14:54:07.983 +02:00][41260:41804][warning] Failed to setup Krisp module, error code: -3
[2026-Aug-13 14:54:07.983 +02:00][41260:41804][info ] Krisp SDK initialized
[2026-Aug-13 15:00:29.627 +02:00][41260:41804][info ] Logging initialized
[2026-Aug-13 15:00:29.627 +02:00][41260:41804][info ] Initializing krisp SDK...
[2026-Aug-13 15:00:29.627 +02:00][41260:41804][warning] Failed to setup Krisp module, error code: -3
[2026-Aug-13 15:00:29.627 +02:00][41260:41804][info ] Krisp SDK initialized
[2026-Aug-13 15:00:33.057 +02:00][41260:41804][info ] Logging initialized
[2026-Aug-13 15:00:33.057 +02:00][41260:41804][info ] Initializing krisp SDK...
[2026-Aug-13 15:00:33.057 +02:00][41260:41804][warning] Failed to setup Krisp module, error code: -3
[2026-Aug-13 15:00:33.057 +02:00][41260:41804][info ] Krisp SDK initialized
[2026-Aug-13 15:40:57.868 +02:00][41260:41804][info ] Logging initialized
[2026-Aug-13 15:40:57.868 +02:00][41260:41804][info ] Initializing krisp SDK...
[2026-Aug-13 15:40:57.868 +02:00][41260:41804][warning] Failed to setup Krisp module, error code: -3
[2026-Aug-13 15:40:57.868 +02:00][41260:41804][info ] Krisp SDK initialized
[2026-Aug-13 15:42:57.969 +02:00][41260:41804][info ] Logging initialized
[2026-Aug-13 15:42:57.969 +02:00][41260:41804][info ] Initializing krisp SDK...
[2026-Aug-13 15:42:57.969 +02:00][41260:41804][warning] Failed to setup Krisp module, error code: -3
[2026-Aug-13 15:42:57.969 +02:00][41260:41804][info ] Krisp SDK initialized
[2026-Aug-13 15:49:11.916 +02:00][41260:41804][info ] Logging initialized
[2026-Aug-13 15:49:11.916 +02:00][41260:41804][info ] Initializing krisp SDK...
[2026-Aug-13 15:49:11.916 +02:00][41260:41804][warning] Failed to setup Krisp module, error code: -3
[2026-Aug-13 15:49:11.916 +02:00][41260:41804][info ] Krisp SDK initialized
[2026-Aug-13 15:51:49.998 +02:00][41260:41804][info ] Logging initialized
[2026-Aug-13 15:51:49.998 +02:00][41260:41804][info ] Initializing krisp SDK...
[2026-Aug-13 15:51:49.998 +02:00][41260:41804][warning] Failed to setup Krisp module, error code: -3
[2026-Aug-13 15:51:49.998 +02:00][41260:41804][info ] Krisp SDK initialized
[2026-Aug-13 17:35:38.332 +02:00][41260:41804][info ] Logging initialized
[2026-Aug-13 17:35:38.332 +02:00][41260:41804][info ] Initializing krisp SDK...
[2026-Aug-13 17:35:38.332 +02:00][41260:41804][warning] Failed to setup Krisp module, error code: -3
[2026-Aug-13 17:35:38.333 +02:00][41260:41804][info ] Krisp SDK initialized
[2026-Aug-13 19:29:50.184 +02:00][41260:41804][info ] Logging initialized
[2026-Aug-13 19:29:50.184 +02:00][41260:41804][info ] Initializing krisp SDK...
[2026-Aug-13 19:29:50.184 +02:00][41260:41804][warning] Failed to setup Krisp module, error code: -3
[2026-Aug-13 19:29:50.184 +02:00][41260:41804][info ] Krisp SDK initialized
[2026-Aug-13 19:41:29.085 +02:00][41260:41804][info ] Logging initialized
[2026-Aug-13 19:41:29.085 +02:00][41260:41804][info ] Initializing krisp SDK...
[2026-Aug-13 19:41:29.085 +02:00][41260:41804][warning] Failed to setup Krisp module, error code: -3
[2026-Aug-13 19:41:29.085 +02:00][41260:41804][info ] Krisp SDK initialized
[2026-Aug-13 19:44:06.248 +02:00][41260:41804][info ] Logging initialized
[2026-Aug-13 19:44:06.248 +02:00][41260:41804][info ] Initializing krisp SDK...
[2026-Aug-13 19:44:06.248 +02:00][41260:41804][warning] Failed to setup Krisp module, error code: -3
[2026-Aug-13 19:44:06.248 +02:00][41260:41804][info ] Krisp SDK initialized
[2026-Aug-13 19:45:03.413 +02:00][41260:41804][info ] Logging initialized
[2026-Aug-13 19:45:03.413 +02:00][41260:41804][info ] Initializing krisp SDK...
[2026-Aug-13 19:45:03.413 +02:00][41260:41804][warning] Failed to setup Krisp module, error code: -3
[2026-Aug-13 19:45:03.413 +02:00][41260:41804][info ] Krisp SDK initialized
[2026-Aug-13 19:55:46.265 +02:00][41260:41804][info ] Logging initialized
[2026-Aug-13 19:55:46.265 +02:00][41260:41804][info ] Initializing krisp SDK...
[2026-Aug-13 19:55:46.265 +02:00][41260:41804][warning] Failed to setup Krisp module, error code: -3
[2026-Aug-13 19:55:46.265 +02:00][41260:41804][info ] Krisp SDK initialized
[2026-Aug-13 19:56:21.593 +02:00][41260:41804][info ] Logging initialized
[2026-Aug-13 19:56:21.593 +02:00][41260:41804][info ] Initializing krisp SDK...
[2026-Aug-13 19:56:21.593 +02:00][41260:41804][warning] Failed to setup Krisp module, error code: -3
[2026-Aug-13 19:56:21.593 +02:00][41260:41804][info ] Krisp SDK initialized
[2026-Aug-13 20:19:26.628 +02:00][41260:41804][info ] Logging initialized
[2026-Aug-13 20:19:26.628 +02:00][41260:41804][info ] Initializing krisp SDK...
[2026-Aug-13 20:19:26.628 +02:00][41260:41804][warning] Failed to setup Krisp module, error code: -3
[2026-Aug-13 20:19:26.628 +02:00][41260:41804][info ] Krisp SDK initialized
[2026-Aug-13 20:23:31.797 +02:00][41260:41804][info ] Logging initialized
[2026-Aug-13 20:23:31.797 +02:00][41260:41804][info ] Initializing krisp SDK...
[2026-Aug-13 20:23:31.797 +02:00][41260:41804][warning] Failed to setup Krisp module, error code: -3
[2026-Aug-13 20:23:31.798 +02:00][41260:41804][info ] Krisp SDK initialized
[2026-Aug-13 20:24:10.706 +02:00][41260:41804][info ] Logging initialized
[2026-Aug-13 20:24:10.706 +02:00][41260:41804][info ] Initializing krisp SDK...
[2026-Aug-13 20:24:10.706 +02:00][41260:41804][warning] Failed to setup Krisp module, error code: -3
[2026-Aug-13 20:24:10.707 +02:00][41260:41804][info ] Krisp SDK initialized
[2026-Aug-13 20:24:24.985 +02:00][41260:41804][info ] Logging initialized
[2026-Aug-13 20:24:24.985 +02:00][41260:41804][info ] Initializing krisp SDK...
[2026-Aug-13 20:24:24.985 +02:00][41260:41804][warning] Failed to setup Krisp module, error code: -3
[2026-Aug-13 20:24:24.985 +02:00][41260:41804][info ] Krisp SDK initialized
[2026-Aug-13 22:53:06.361 +02:00][41260:41804][info ] Logging initialized
[2026-Aug-13 22:53:06.361 +02:00][41260:41804][info ] Initializing krisp SDK...
[2026-Aug-13 22:53:06.361 +02:00][41260:41804][warning] Failed to setup Krisp module, error code: -3
[2026-Aug-13 22:53:06.361 +02:00][41260:41804][info ] Krisp SDK initialized
[2026-Aug-13 23:06:36.844 +02:00][41260:41804][info ] Logging initialized
[2026-Aug-13 23:06:36.844 +02:00][41260:41804][info ] Initializing krisp SDK...
[2026-Aug-13 23:06:36.844 +02:00][41260:41804][warning] Failed to setup Krisp module, error code: -3
[2026-Aug-13 23:06:36.844 +02:00][41260:41804][info ] Krisp SDK initialized
[2026-Aug-13 23:06:50.801 +02:00][41260:41804][info ] Logging initialized
[2026-Aug-13 23:06:50.801 +02:00][41260:41804][info ] Initializing krisp SDK...
[2026-Aug-13 23:06:50.801 +02:00][41260:41804][warning] Failed to setup Krisp module, error code: -3
[2026-Aug-13 23:06:50.801 +02:00][41260:41804][info ] Krisp SDK initialized
[2026-Aug-13 23:29:45.793 +02:00][41260:41804][info ] Logging initialized
[2026-Aug-13 23:29:45.793 +02:00][41260:41804][info ] Initializing krisp SDK...
[2026-Aug-13 23:29:45.793 +02:00][41260:41804][warning] Failed to setup Krisp module, error code: -3
[2026-Aug-13 23:29:45.794 +02:00][41260:41804][info ] Krisp SDK initialized
[2026-Aug-13 23:32:13.842 +02:00][41260:41804][info ] Logging initialized
[2026-Aug-13 23:32:13.842 +02:00][41260:41804][info ] Initializing krisp SDK...
[2026-Aug-13 23:32:13.842 +02:00][41260:41804][warning] Failed to setup Krisp module, error code: -3
[2026-Aug-13 23:32:13.843 +02:00][41260:41804][info ] Krisp SDK initialized
[2026-Aug-16 02:00:50.802 +02:00][32828:32772][info ] Logging initialized
[2026-Aug-16 02:00:50.802 +02:00][32828:32772][info ] Initializing krisp SDK...
[2026-Aug-16 02:00:50.802 +02:00][32828:32772][info ] DoKrispInitialize
[2026-Aug-16 02:00:50.802 +02:00][32828:32772][warning] Application not signed by Discord, Krisp is not enabled
[2026-Aug-16 02:00:50.803 +02:00][32828:32772][warning] Failed to setup Krisp module, error code: -3
[2026-Aug-16 02:00:50.803 +02:00][32828:32772][info ] Krisp SDK initialized
[2026-Aug-16 02:16:00.959 +02:00][32828:32772][info ] Logging initialized
[2026-Aug-16 02:16:00.959 +02:00][32828:32772][info ] Initializing krisp SDK...
[2026-Aug-16 02:16:00.959 +02:00][32828:32772][warning] Failed to setup Krisp module, error code: -3
[2026-Aug-16 02:16:00.959 +02:00][32828:32772][info ] Krisp SDK initialized
[2026-Aug-16 02:16:02.748 +02:00][32828:32772][info ] Logging initialized
[2026-Aug-16 02:16:02.748 +02:00][32828:32772][info ] Initializing krisp SDK...
[2026-Aug-16 02:16:02.748 +02:00][32828:32772][warning] Failed to setup Krisp module, error code: -3
[2026-Aug-16 02:16:02.748 +02:00][32828:32772][info ] Krisp SDK initialized
[2026-Aug-16 14:14:21.939 +02:00][ 7548:21148][info ] Logging initialized
[2026-Aug-16 14:14:21.939 +02:00][ 7548:21148][info ] Initializing krisp SDK...
[2026-Aug-16 14:14:21.939 +02:00][ 7548:21148][info ] DoKrispInitialize
[2026-Aug-16 14:14:21.940 +02:00][ 7548:21148][warning] Application not signed by Discord, Krisp is not enabled
[2026-Aug-16 14:14:21.940 +02:00][ 7548:21148][warning] Failed to setup Krisp module, error code: -3
[2026-Aug-16 14:14:21.940 +02:00][ 7548:21148][info ] Krisp SDK initialized
[2026-Aug-16 21:40:21.958 +02:00][28596: 3648][info ] Logging initialized
[2026-Aug-16 21:40:21.958 +02:00][28596: 3648][info ] Initializing krisp SDK...
[2026-Aug-16 21:40:21.958 +02:00][28596: 3648][info ] DoKrispInitialize
[2026-Aug-16 21:40:21.960 +02:00][28596: 3648][warning] Application not signed by Discord, Krisp is not enabled
[2026-Aug-16 21:40:21.960 +02:00][28596: 3648][warning] Failed to setup Krisp module, error code: -3
[2026-Aug-16 21:40:21.960 +02:00][28596: 3648][info ] Krisp SDK initialized
[2026-Aug-16 21:55:54.782 +02:00][28596: 3648][info ] Logging initialized
[2026-Aug-16 21:55:54.782 +02:00][28596: 3648][info ] Initializing krisp SDK...
[2026-Aug-16 21:55:54.782 +02:00][28596: 3648][warning] Failed to setup Krisp module, error code: -3
[2026-Aug-16 21:55:54.782 +02:00][28596: 3648][info ] Krisp SDK initialized
[2026-Aug-16 22:16:43.054 +02:00][28596: 3648][info ] Logging initialized
[2026-Aug-16 22:16:43.054 +02:00][28596: 3648][info ] Initializing krisp SDK...
[2026-Aug-16 22:16:43.054 +02:00][28596: 3648][warning] Failed to setup Krisp module, error code: -3
[2026-Aug-16 22:16:43.054 +02:00][28596: 3648][info ] Krisp SDK initialized
[2026-Aug-16 22:36:53.377 +02:00][28596: 3648][info ] Logging initialized
[2026-Aug-16 22:36:53.377 +02:00][28596: 3648][info ] Initializing krisp SDK...
[2026-Aug-16 22:36:53.377 +02:00][28596: 3648][warning] Failed to setup Krisp module, error code: -3
[2026-Aug-16 22:36:53.377 +02:00][28596: 3648][info ] Krisp SDK initialized
[2026-Aug-17 16:32:48.756 +02:00][23012:18280][info ] Logging initialized
[2026-Aug-17 16:32:48.756 +02:00][23012:18280][info ] Initializing krisp SDK...
[2026-Aug-17 16:32:48.756 +02:00][23012:18280][info ] DoKrispInitialize
[2026-Aug-17 16:32:48.757 +02:00][23012:18280][warning] Application not signed by Discord, Krisp is not enabled
[2026-Aug-17 16:32:48.757 +02:00][23012:18280][warning] Failed to setup Krisp module, error code: -3
[2026-Aug-17 16:32:48.757 +02:00][23012:18280][info ] Krisp SDK initialized
[2026-Aug-17 16:33:15.215 +02:00][23012:18280][info ] Logging initialized
[2026-Aug-17 16:33:15.215 +02:00][23012:18280][info ] Initializing krisp SDK...
[2026-Aug-17 16:33:15.215 +02:00][23012:18280][warning] Failed to setup Krisp module, error code: -3
[2026-Aug-17 16:33:15.215 +02:00][23012:18280][info ] Krisp SDK initialized
[2026-Aug-17 16:33:17.424 +02:00][23012:18280][info ] Logging initialized
[2026-Aug-17 16:33:17.424 +02:00][23012:18280][info ] Initializing krisp SDK...
[2026-Aug-17 16:33:17.424 +02:00][23012:18280][warning] Failed to setup Krisp module, error code: -3
[2026-Aug-17 16:33:17.424 +02:00][23012:18280][info ] Krisp SDK initialized
[2026-Aug-17 16:41:44.217 +02:00][23012:18280][info ] Logging initialized
[2026-Aug-17 16:41:44.217 +02:00][23012:18280][info ] Initializing krisp SDK...
[2026-Aug-17 16:41:44.217 +02:00][23012:18280][warning] Failed to setup Krisp module, error code: -3
[2026-Aug-17 16:41:44.217 +02:00][23012:18280][info ] Krisp SDK initialized
[2026-Aug-17 17:07:57.090 +02:00][23012:18280][info ] Logging initialized
[2026-Aug-17 17:07:57.090 +02:00][23012:18280][info ] Initializing krisp SDK...
[2026-Aug-17 17:07:57.090 +02:00][23012:18280][warning] Failed to setup Krisp module, error code: -3
[2026-Aug-17 17:07:57.090 +02:00][23012:18280][info ] Krisp SDK initialized
[2026-Aug-17 17:08:01.934 +02:00][23012:18280][info ] Logging initialized
[2026-Aug-17 17:08:01.934 +02:00][23012:18280][info ] Initializing krisp SDK...
[2026-Aug-17 17:08:01.934 +02:00][23012:18280][warning] Failed to setup Krisp module, error code: -3
[2026-Aug-17 17:08:01.934 +02:00][23012:18280][info ] Krisp SDK initialized
[2026-Aug-17 17:40:38.395 +02:00][23012:18280][info ] Logging initialized
[2026-Aug-17 17:40:38.395 +02:00][23012:18280][info ] Initializing krisp SDK...
[2026-Aug-17 17:40:38.395 +02:00][23012:18280][warning] Failed to setup Krisp module, error code: -3
[2026-Aug-17 17:40:38.395 +02:00][23012:18280][info ] Krisp SDK initialized
[2026-Aug-17 17:41:13.768 +02:00][23012:18280][info ] Logging initialized
[2026-Aug-17 17:41:13.768 +02:00][23012:18280][info ] Initializing krisp SDK...
[2026-Aug-17 17:41:13.768 +02:00][23012:18280][warning] Failed to setup Krisp module, error code: -3
[2026-Aug-17 17:41:13.768 +02:00][23012:18280][info ] Krisp SDK initialized
[2026-Aug-17 17:42:10.120 +02:00][23012:18280][info ] Logging initialized
[2026-Aug-17 17:42:10.120 +02:00][23012:18280][info ] Initializing krisp SDK...
[2026-Aug-17 17:42:10.120 +02:00][23012:18280][warning] Failed to setup Krisp module, error code: -3
[2026-Aug-17 17:42:10.120 +02:00][23012:18280][info ] Krisp SDK initialized
[2026-Aug-17 17:42:16.699 +02:00][23012:18280][info ] Logging initialized
[2026-Aug-17 17:42:16.699 +02:00][23012:18280][info ] Initializing krisp SDK...
[2026-Aug-17 17:42:16.699 +02:00][23012:18280][warning] Failed to setup Krisp module, error code: -3
[2026-Aug-17 17:42:16.699 +02:00][23012:18280][info ] Krisp SDK initialized
[2026-Aug-17 17:45:08.828 +02:00][23012:18280][info ] Logging initialized
[2026-Aug-17 17:45:08.828 +02:00][23012:18280][info ] Initializing krisp SDK...
[2026-Aug-17 17:45:08.828 +02:00][23012:18280][warning] Failed to setup Krisp module, error code: -3
[2026-Aug-17 17:45:08.828 +02:00][23012:18280][info ] Krisp SDK initialized
[2026-Aug-17 17:50:24.255 +02:00][23012:18280][info ] Logging initialized
[2026-Aug-17 17:50:24.255 +02:00][23012:18280][info ] Initializing krisp SDK...
[2026-Aug-17 17:50:24.255 +02:00][23012:18280][warning] Failed to setup Krisp module, error code: -3
[2026-Aug-17 17:50:24.255 +02:00][23012:18280][info ] Krisp SDK initialized
[2026-Aug-17 17:53:08.435 +02:00][23012:18280][info ] Logging initialized
[2026-Aug-17 17:53:08.435 +02:00][23012:18280][info ] Initializing krisp SDK...
[2026-Aug-17 17:53:08.435 +02:00][23012:18280][warning] Failed to setup Krisp module, error code: -3
[2026-Aug-17 17:53:08.435 +02:00][23012:18280][info ] Krisp SDK initialized
[2026-Aug-17 18:03:58.697 +02:00][23012:18280][info ] Logging initialized
[2026-Aug-17 18:03:58.697 +02:00][23012:18280][info ] Initializing krisp SDK...
[2026-Aug-17 18:03:58.697 +02:00][23012:18280][warning] Failed to setup Krisp module, error code: -3
[2026-Aug-17 18:03:58.697 +02:00][23012:18280][info ] Krisp SDK initialized
[2026-Aug-17 19:58:05.089 +02:00][23012:21156][info ] KrispNCSetup: sampleRate = 48000, duration = 10
[2026-Aug-17 19:58:05.089 +02:00][23012:21156][warning] Unable to find model for requested sampleRate: 48000
[2026-Aug-17 19:58:05.095 +02:00][23012:21156][info ] KrispNCSetup: sampleRate = 48000, duration = 10
[2026-Aug-17 19:58:05.095 +02:00][23012:21156][warning] Unable to find model for requested sampleRate: 48000
[2026-Aug-17 19:58:05.107 +02:00][23012:21156][info ] KrispNCSetup: sampleRate = 48000, duration = 10
[2026-Aug-17 19:58:05.107 +02:00][23012:21156][warning] Unable to find model for requested sampleRate: 48000
[2026-Aug-17 19:58:05.118 +02:00][23012:21156][info ] KrispNCSetup: sampleRate = 48000, duration = 10
[2026-Aug-17 19:58:05.118 +02:00][23012:21156][warning] Unable to find model for requested sampleRate: 48000
[2026-Aug-17 19:58:05.129 +02:00][23012:21156][info ] KrispNCSetup: sampleRate = 48000, duration = 10
[2026-Aug-17 19:58:05.129 +02:00][23012:21156][warning] Unable to find model for requested sampleRate: 48000
[2026-Aug-17 19:58:05.139 +02:00][23012:21156][info ] KrispNCSetup: sampleRate = 48000, duration = 10
[2026-Aug-17 19:58:05.139 +02:00][23012:21156][warning] Unable to find model for requested sampleRate: 48000
[2026-Aug-17 19:58:05.145 +02:00][23012:21156][info ] KrispNCSetup: sampleRate = 48000, duration = 10
[2026-Aug-17 19:58:05.145 +02:00][23012:21156][warning] Unable to find model for requested sampleRate: 48000
[2026-Aug-17 19:58:05.157 +02:00][23012:21156][info ] KrispNCSetup: sampleRate = 48000, duration = 10
[2026-Aug-17 19:58:05.157 +02:00][23012:21156][warning] Unable to find model for requested sampleRate: 48000
[2026-Aug-17 19:58:05.167 +02:00][23012:21156][info ] KrispNCSetup: sampleRate = 48000, duration = 10
[2026-Aug-17 19:58:05.167 +02:00][23012:21156][warning] Unable to find model for requested sampleRate: 48000
[2026-Aug-17 19:58:05.180 +02:00][23012:21156][info ] KrispNCSetup: sampleRate = 48000, duration = 10
[2026-Aug-17 19:58:05.180 +02:00][23012:21156][warning] Unable to find model for requested sampleRate: 48000
[2026-Aug-17 19:58:05.189 +02:00][23012:21156][info ] KrispNCSetup: sampleRate = 48000, duration = 10
[2026-Aug-17 19:58:05.189 +02:00][23012:21156][warning] Unable to find model for requested sampleRate: 48000
[2026-Aug-17 19:58:05.195 +02:00][23012:21156][info ] KrispNCSetup: sampleRate = 48000, duration = 10
[2026-Aug-17 19:58:05.195 +02:00][23012:21156][warning] Unable to find model for requested sampleRate: 48000
[2026-Aug-17 19:58:05.207 +02:00][23012:21156][info ] KrispNCSetup: sampleRate = 48000, duration = 10
[2026-Aug-17 19:58:05.207 +02:00][23012:21156][warning] Unable to find model for requested sampleRate: 48000
[2026-Aug-17 19:58:05.219 +02:00][23012:21156][info ] KrispNCSetup: sampleRate = 48000, duration = 10
[2026-Aug-17 19:58:05.219 +02:00][23012:21156][warning] Unable to find model for requested sampleRate: 48000
[2026-Aug-17 19:58:05.229 +02:00][23012:21156][info ] KrispNCSetup: sampleRate = 48000, duration = 10
[2026-Aug-17 19:58:05.229 +02:00][23012:21156][warning] Unable to find model for requested sampleRate: 48000
[2026-Aug-17 19:58:05.240 +02:00][23012:21156][info ] KrispNCSetup: sampleRate = 48000, duration = 10
[2026-Aug-17 19:58:05.240 +02:00][23012:21156][warning] Unable to find model for requested sampleRate: 48000
[2026-Aug-17 19:58:05.246 +02:00][23012:21156][info ] KrispNCSetup: sampleRate = 48000, duration = 10
[2026-Aug-17 19:58:05.246 +02:00][23012:21156][warning] Unable to find model for requested sampleRate: 48000
[2026-Aug-17 19:58:05.259 +02:00][23012:21156][info ] KrispNCSetup: sampleRate = 48000, duration = 10
[2026-Aug-17 19:58:05.259 +02:00][23012:21156][warning] Unable to find model for requested sampleRate: 48000
[2026-Aug-17 19:58:05.269 +02:00][23012:21156][info ] KrispNCSetup: sampleRate = 48000, duration = 10
[2026-Aug-17 19:58:05.269 +02:00][23012:21156][warning] Unable to find model for requested sampleRate: 48000
[2026-Aug-17 19:58:05.280 +02:00][23012:21156][info ] KrispNCSetup: sampleRate = 48000, duration = 10
[2026-Aug-17 19:58:05.280 +02:00][23012:21156][warning] Unable to find model for requested sampleRate: 48000
[2026-Aug-17 19:58:05.285 +02:00][23012:21156][info ] KrispNCSetup: sampleRate = 48000, duration = 10
[2026-Aug-17 19:58:05.285 +02:00][23012:21156][warning] Unable to find model for requested sampleRate: 48000
[2026-Aug-17 19:58:05.297 +02:00][23012:21156][info ] KrispNCSetup: sampleRate = 48000, duration = 10
[2026-Aug-17 19:58:05.297 +02:00][23012:21156][warning] Unable to find model for requested sampleRate: 48000
[2026-Aug-17 19:58:05.308 +02:00][23012:21156][info ] KrispNCSetup: sampleRate = 48000, duration = 10
[2026-Aug-17 19:58:05.308 +02:00][23012:21156][warning] Unable to find model for requested sampleRate: 48000
[2026-Aug-17 19:58:05.319 +02:00][23012:21156][info ] KrispNCSetup: sampleRate = 48000, duration = 10
[2026-Aug-17 19:58:05.319 +02:00][23012:21156][warning] Unable to find model for requested sampleRate: 48000
[2026-Aug-17 19:58:05.329 +02:00][23012:21156][info ] KrispNCSetup: sampleRate = 48000, duration = 10
[2026-Aug-17 19:58:05.329 +02:00][23012:21156][warning] Unable to find model for requested sampleRate: 48000
[2026-Aug-17 19:58:05.340 +02:00][23012:21156][info ] KrispNCSetup: sampleRate = 48000, duration = 10
[2026-Aug-17 19:58:05.340 +02:00][23012:21156][warning] Unable to find model for requested sampleRate: 48000
[2026-Aug-17 19:58:05.346 +02:00][23012:21156][info ] KrispNCSetup: sampleRate = 48000, duration = 10
[2026-Aug-17 19:58:05.346 +02:00][23012:21156][warning] Unable to find model for requested sampleRate: 48000
[2026-Aug-17 19:58:05.360 +02:00][23012:21156][info ] KrispNCSetup: sampleRate = 48000, duration = 10
[2026-Aug-17 19:58:05.360 +02:00][23012:21156][warning] Unable to find model for requested sampleRate: 48000
[2026-Aug-17 19:58:05.365 +02:00][23012:21156][info ] KrispNCSetup: sampleRate = 48000, duration = 10
[2026-Aug-17 19:58:05.365 +02:00][23012:21156][warning] Unable to find model for requested sampleRate: 48000
[2026-Aug-17 19:58:05.377 +02:00][23012:21156][info ] KrispNCSetup: sampleRate = 48000, duration = 10
[2026-Aug-17 19:58:05.377 +02:00][23012:21156][warning] Unable to find model for requested sampleRate: 48000
[2026-Aug-17 19:58:05.390 +02:00][23012:21156][info ] KrispNCSetup: sampleRate = 48000, duration = 10
[2026-Aug-17 19:58:05.390 +02:00][23012:21156][warning] Unable to find model for requested sampleRate: 48000
[2026-Aug-17 19:58:05.396 +02:00][23012:21156][info ] KrispNCSetup: sampleRate = 48000, duration = 10
[2026-Aug-17 19:58:05.396 +02:00][23012:21156][warning] Unable to find model for requested sampleRate: 48000
[2026-Aug-17 19:58:05.407 +02:00][23012:21156][info ] KrispNCSetup: sampleRate = 48000, duration = 10
[2026-Aug-17 19:58:05.407 +02:00][23012:21156][warning] Unable to find model for requested sampleRate: 48000
[2026-Aug-17 19:58:05.417 +02:00][23012:21156][info ] KrispNCSetup: sampleRate = 48000, duration = 10
[2026-Aug-17 19:58:05.417 +02:00][23012:21156][warning] Unable to find model for requested sampleRate: 48000
[2026-Aug-17 19:58:05.427 +02:00][23012:21156][info ] KrispNCSetup: sampleRate = 48000, duration = 10
[2026-Aug-17 19:58:05.427 +02:00][23012:21156][warning] Unable to find model for requested sampleRate: 48000
[2026-Aug-17 19:58:05.438 +02:00][23012:21156][info ] KrispNCSetup: sampleRate = 48000, duration = 10
[2026-Aug-17 19:58:05.438 +02:00][23012:21156][warning] Unable to find model for requested sampleRate: 48000
[2026-Aug-17 19:58:05.448 +02:00][23012:21156][info ] KrispNCSetup: sampleRate = 48000, duration = 10
[2026-Aug-17 19:58:05.448 +02:00][23012:21156][warning] Unable to find model for requested sampleRate: 48000
[2026-Aug-17 19:58:05.459 +02:00][23012:21156][info ] KrispNCSetup: sampleRate = 48000, duration = 10
[2026-Aug-17 19:58:05.459 +02:00][23012:21156][warning] Unable to find model for requested sampleRate: 48000
[2026-Aug-17 19:58:05.469 +02:00][23012:21156][info ] KrispNCSetup: sampleRate = 48000, duration = 10
[2026-Aug-17 19:58:05.469 +02:00][23012:21156][warning] Unable to find model for requested sampleRate: 48000
[2026-Aug-17 19:58:05.475 +02:00][23012:21156][info ] KrispNCSetup: sampleRate = 48000, duration = 10
[2026-Aug-17 19:58:05.475 +02:00][23012:21156][warning] Unable to find model for requested sampleRate: 48000
[2026-Aug-17 19:58:05.487 +02:00][23012:21156][info ] KrispNCSetup: sampleRate = 48000, duration = 10
[2026-Aug-17 19:58:05.487 +02:00][23012:21156][warning] Unable to find model for requested sampleRate: 48000
[2026-Aug-17 19:58:05.500 +02:00][23012:21156][info ] KrispNCSetup: sampleRate = 48000, duration = 10
[2026-Aug-17 19:58:05.500 +02:00][23012:21156][warning] Unable to find model for requested sampleRate: 48000
[2026-Aug-17 19:58:05.506 +02:00][23012:21156][info ] KrispNCSetup: sampleRate = 48000, duration = 10
[2026-Aug-17 19:58:05.506 +02:00][23012:21156][warning] Unable to find model for requested sampleRate: 48000
[2026-Aug-17 19:58:05.517 +02:00][23012:21156][info ] KrispNCSetup: sampleRate = 48000, duration = 10
[2026-Aug-17 19:58:05.517 +02:00][23012:21156][warning] Unable to find model for requested sampleRate: 48000
[2026-Aug-17 19:58:05.530 +02:00][23012:21156][info ] KrispNCSetup: sampleRate = 48000, duration = 10
[2026-Aug-17 19:58:05.530 +02:00][23012:21156][warning] Unable to find model for requested sampleRate: 48000
[2026-Aug-17 19:58:05.536 +02:00][23012:21156][info ] KrispNCSetup: sampleRate = 48000, duration = 10
[2026-Aug-17 19:58:05.536 +02:00][23012:21156][warning] Unable to find model for requested sampleRate: 48000
[2026-Aug-17 19:58:05.547 +02:00][23012:21156][info ] KrispNCSetup: sampleRate = 48000, duration = 10
[2026-Aug-17 19:58:05.547 +02:00][23012:21156][warning] Unable to find model for requested sampleRate: 48000
[2026-Aug-17 19:58:05.560 +02:00][23012:21156][info ] KrispNCSetup: sampleRate = 48000, duration = 10
[2026-Aug-17 19:58:05.560 +02:00][23012:21156][warning] Unable to find model for requested sampleRate: 48000
[2026-Aug-17 19:58:05.566 +02:00][23012:21156][info ] KrispNCSetup: sampleRate = 48000, duration = 10
[2026-Aug-17 19:58:05.566 +02:00][23012:21156][warning] Unable to find model for requested sampleRate: 48000
[2026-Aug-17 19:58:05.577 +02:00][23012:21156][info ] KrispNCSetup: sampleRate = 48000, duration = 10
[2026-Aug-17 19:58:05.577 +02:00][23012:21156][warning] Unable to find model for requested sampleRate: 48000
[2026-Aug-17 19:58:05.587 +02:00][23012:21156][info ] KrispNCSetup: sampleRate = 48000, duration = 10
[2026-Aug-17 19:58:05.587 +02:00][23012:21156][warning] Unable to find model for requested sampleRate: 48000
[2026-Aug-17 19:58:05.599 +02:00][23012:21156][info ] KrispNCSetup: sampleRate = 48000, duration = 10
[2026-Aug-17 19:58:05.599 +02:00][23012:21156][warning] Unable to find model for requested sampleRate: 48000
[2026-Aug-17 19:58:05.605 +02:00][23012:21156][info ] KrispNCSetup: sampleRate = 48000, duration = 10
[2026-Aug-17 19:58:05.605 +02:00][23012:21156][warning] Unable to find model for requested sampleRate: 48000
[2026-Aug-17 19:58:05.616 +02:00][23012:21156][info ] KrispNCSetup: sampleRate = 48000, duration = 10
[2026-Aug-17 19:58:05.616 +02:00][23012:21156][warning] Unable to find model for requested sampleRate: 48000
[2026-Aug-17 19:58:05.628 +02:00][23012:21156][info ] KrispNCSetup: sampleRate = 48000, duration = 10
[2026-Aug-17 19:58:05.628 +02:00][23012:21156][warning] Unable to find model for requested sampleRate: 48000
[2026-Aug-17 19:58:05.639 +02:00][23012:21156][info ] KrispNCSetup: sampleRate = 48000, duration = 10
[2026-Aug-17 19:58:05.639 +02:00][23012:21156][warning] Unable to find model for requested sampleRate: 48000
[2026-Aug-17 19:58:05.645 +02:00][23012:21156][info ] KrispNCSetup: sampleRate = 48000, duration = 10
[2026-Aug-17 19:58:05.645 +02:00][23012:21156][warning] Unable to find model for requested sampleRate: 48000
[2026-Aug-17 19:58:05.657 +02:00][23012:21156][info ] KrispNCSetup: sampleRate = 48000, duration = 10
[2026-Aug-17 19:58:05.657 +02:00][23012:21156][warning] Unable to find model for requested sampleRate: 48000
[2026-Aug-17 19:58:05.668 +02:00][23012:21156][info ] KrispNCSetup: sampleRate = 48000, duration = 10
[2026-Aug-17 19:58:05.668 +02:00][23012:21156][warning] Unable to find model for requested sampleRate: 48000
[2026-Aug-17 19:58:05.679 +02:00][23012:21156][info ] KrispNCSetup: sampleRate = 48000, duration = 10
[2026-Aug-17 19:58:05.679 +02:00][23012:21156][warning] Unable to find model for requested sampleRate: 48000
[2026-Aug-17 19:58:05.685 +02:00][23012:21156][info ] KrispNCSetup: sampleRate = 48000, duration = 10
[2026-Aug-17 19:58:05.685 +02:00][23012:21156][warning] Unable to find model for requested sampleRate: 48000
[2026-Aug-17 19:58:05.698 +02:00][23012:21156][info ] KrispNCSetup: sampleRate = 48000, duration = 10
[2026-Aug-17 19:58:05.698 +02:00][23012:21156][warning] Unable to find model for requested sampleRate: 48000
[2026-Aug-17 19:58:05.709 +02:00][23012:21156][info ] KrispNCSetup: sampleRate = 48000, duration = 10
[2026-Aug-17 19:58:05.709 +02:00][23012:21156][warning] Unable to find model for requested sampleRate: 48000
[2026-Aug-17 19:58:05.719 +02:00][23012:21156][info ] KrispNCSetup: sampleRate = 48000, duration = 10
[2026-Aug-17 19:58:05.719 +02:00][23012:21156][warning] Unable to find model for requested sampleRate: 48000
[2026-Aug-17 19:58:05.723 +02:00][23012:21156][info ] KrispNCSetup: sampleRate = 48000, duration = 10
[2026-Aug-17 19:58:05.723 +02:00][23012:21156][warning] Unable to find model for requested sampleRate: 48000
[2026-Aug-17 19:58:05.735 +02:00][23012:21156][info ] KrispNCSetup: sampleRate = 48000, duration = 10
[2026-Aug-17 19:58:05.735 +02:00][23012:21156][warning] Unable to find model for requested sampleRate: 48000
[2026-Aug-17 19:58:05.748 +02:00][23012:21156][info ] KrispNCSetup: sampleRate = 48000, duration = 10
[2026-Aug-17 19:58:05.748 +02:00][23012:21156][warning] Unable to find model for requested sampleRate: 48000
[2026-Aug-17 19:58:05.757 +02:00][23012:21156][info ] KrispNCSetup: sampleRate = 48000, duration = 10
[2026-Aug-17 19:58:05.757 +02:00][23012:21156][warning] Unable to find model for requested sampleRate: 48000
[2026-Aug-17 19:58:05.769 +02:00][23012:21156][info ] KrispNCSetup: sampleRate = 48000, duration = 10
[2026-Aug-17 19:58:05.769 +02:00][23012:21156][warning] Unable to find model for requested sampleRate: 48000
[2026-Aug-17 19:58:05.777 +02:00][23012:21156][info ] KrispNCSetup: sampleRate = 48000, duration = 10
[2026-Aug-17 19:58:05.777 +02:00][23012:21156][warning] Unable to find model for requested sampleRate: 48000
[2026-Aug-17 19:58:05.787 +02:00][23012:21156][info ] KrispNCSetup: sampleRate = 48000, duration = 10
[2026-Aug-17 19:58:05.787 +02:00][23012:21156][warning] Unable to find model for requested sampleRate: 48000
[2026-Aug-17 19:58:05.798 +02:00][23012:21156][info ] KrispNCSetup: sampleRate = 48000, duration = 10
[2026-Aug-17 19:58:05.798 +02:00][23012:21156][warning] Unable to find model for requested sampleRate: 48000
[2026-Aug-17 19:58:05.809 +02:00][23012:21156][info ] KrispNCSetup: sampleRate = 48000, duration = 10
[2026-Aug-17 19:58:05.809 +02:00][23012:21156][warning] Unable to find model for requested sampleRate: 48000
[2026-Aug-17 19:58:05.815 +02:00][23012:21156][info ] KrispNCSetup: sampleRate = 48000, duration = 10
[2026-Aug-17 19:58:05.815 +02:00][23012:21156][warning] Unable to find model for requested sampleRate: 48000
[2026-Aug-17 19:58:05.827 +02:00][23012:21156][info ] KrispNCSetup: sampleRate = 48000, duration = 10
[2026-Aug-17 19:58:05.827 +02:00][23012:21156][warning] Unable to find model for requested sampleRate: 48000
[2026-Aug-17 19:58:05.839 +02:00][23012:21156][info ] KrispNCSetup: sampleRate = 48000, duration = 10
[2026-Aug-17 19:58:05.839 +02:00][23012:21156][warning] Unable to find model for requested sampleRate: 48000
[2026-Aug-17 19:58:05.846 +02:00][23012:21156][info ] KrispNCSetup: sampleRate = 48000, duration = 10
[2026-Aug-17 19:58:05.846 +02:00][23012:21156][warning] Unable to find model for requested sampleRate: 48000
[2026-Aug-17 19:58:05.858 +02:00][23012:21156][info ] KrispNCSetup: sampleRate = 48000, duration = 10
[2026-Aug-17 19:58:05.858 +02:00][23012:21156][warning] Unable to find model for requested sampleRate: 48000
[2026-Aug-17 19:58:05.869 +02:00][23012:21156][info ] KrispNCSetup: sampleRate = 48000, duration = 10
[2026-Aug-17 19:58:05.869 +02:00][23012:21156][warning] Unable to find model for requested sampleRate: 48000
[2026-Aug-17 19:58:05.879 +02:00][23012:21156][info ] KrispNCSetup: sampleRate = 48000, duration = 10
[2026-Aug-17 19:58:05.879 +02:00][23012:21156][warning] Unable to find model for requested sampleRate: 48000
[2026-Aug-17 19:58:05.889 +02:00][23012:21156][info ] KrispNCSetup: sampleRate = 48000, duration = 10
[2026-Aug-17 19:58:05.889 +02:00][23012:21156][warning] Unable to find model for requested sampleRate: 48000
[2026-Aug-17 19:58:05.895 +02:00][23012:21156][info ] KrispNCSetup: sampleRate = 48000, duration = 10
[2026-Aug-17 19:58:05.895 +02:00][23012:21156][warning] Unable to find model for requested sampleRate: 48000
[2026-Aug-17 19:58:05.909 +02:00][23012:21156][info ] KrispNCSetup: sampleRate = 48000, duration = 10
[2026-Aug-17 19:58:05.909 +02:00][23012:21156][warning] Unable to find model for requested sampleRate: 48000
[2026-Aug-17 19:58:05.915 +02:00][23012:21156][info ] KrispNCSetup: sampleRate = 48000, duration = 10
[2026-Aug-17 19:58:05.915 +02:00][23012:21156][warning] Unable to find model for requested sampleRate: 48000
[2026-Aug-17 19:58:05.925 +02:00][23012:21156][info ] KrispNCSetup: sampleRate = 48000, duration = 10
[2026-Aug-17 19:58:05.925 +02:00][23012:21156][warning] Unable to find model for requested sampleRate: 48000
[2026-Aug-17 19:58:05.936 +02:00][23012:21156][info ] KrispNCSetup: sampleRate = 48000, duration = 10
[2026-Aug-17 19:58:05.936 +02:00][23012:21156][warning] Unable to find model for requested sampleRate: 48000
[2026-Aug-17 19:58:05.948 +02:00][23012:21156][info ] KrispNCSetup: sampleRate = 48000, duration = 10
[2026-Aug-17 19:58:05.948 +02:00][23012:21156][warning] Unable to find model for requested sampleRate: 48000
[2026-Aug-17 19:58:05.959 +02:00][23012:21156][info ] KrispNCSetup: sampleRate = 48000, duration = 10
[2026-Aug-17 19:58:05.959 +02:00][23012:21156][warning] Unable to find model for requested sampleRate: 48000
[2026-Aug-17 19:58:05.964 +02:00][23012:21156][info ] KrispNCSetup: sampleRate = 48000, duration = 10
[2026-Aug-17 19:58:05.964 +02:00][23012:21156][warning] Unable to find model for requested sampleRate: 48000
[2026-Aug-17 19:58:05.979 +02:00][23012:21156][info ] KrispNCSetup: sampleRate = 48000, duration = 10
[2026-Aug-17 19:58:05.979 +02:00][23012:21156][warning] Unable to find model for requested sampleRate: 48000
[2026-Aug-17 19:58:05.985 +02:00][23012:21156][info ] KrispNCSetup: sampleRate = 48000, duration = 10
[2026-Aug-17 19:58:05.985 +02:00][23012:21156][warning] Unable to find model for requested sampleRate: 48000
[2026-Aug-17 19:58:05.995 +02:00][23012:21156][info ] KrispNCSetup: sampleRate = 48000, duration = 10
[2026-Aug-17 19:58:05.995 +02:00][23012:21156][warning] Unable to find model for requested sampleRate: 48000
[2026-Aug-17 19:58:06.007 +02:00][23012:21156][info ] KrispNCSetup: sampleRate = 48000, duration = 10
[2026-Aug-17 19:58:06.007 +02:00][23012:21156][warning] Unable to find model for requested sampleRate: 48000
[2026-Aug-17 19:58:06.017 +02:00][23012:21156][info ] KrispNCSetup: sampleRate = 48000, duration = 10
[2026-Aug-17 19:58:06.017 +02:00][23012:21156][warning] Unable to find model for requested sampleRate: 48000
[2026-Aug-17 19:58:06.023 +02:00][23012:21156][info ] KrispNCSetup: sampleRate = 48000, duration = 10
[2026-Aug-17 19:58:06.023 +02:00][23012:21156][warning] Unable to find model for requested sampleRate: 48000
[2026-Aug-17 19:58:06.036 +02:00][23012:21156][info ] KrispNCSetup: sampleRate = 48000, duration = 10
[2026-Aug-17 19:58:06.036 +02:00][23012:21156][warning] Unable to find model for requested sampleRate: 48000
[2026-Aug-17 19:58:06.048 +02:00][23012:21156][info ] KrispNCSetup: sampleRate = 48000, duration = 10
[2026-Aug-17 19:58:06.048 +02:00][23012:21156][warning] Unable to find model for requested sampleRate: 48000
[2026-Aug-17 19:58:06.059 +02:00][23012:21156][info ] KrispNCSetup: sampleRate = 48000, duration = 10
[2026-Aug-17 19:58:06.059 +02:00][23012:21156][warning] Unable to find model for requested sampleRate: 48000
[2026-Aug-17 19:58:06.070 +02:00][23012:21156][info ] KrispNCSetup: sampleRate = 48000, duration = 10
[2026-Aug-17 19:58:06.070 +02:00][23012:21156][warning] Unable to find model for requested sampleRate: 48000
[2026-Aug-17 19:58:06.075 +02:00][23012:21156][info ] KrispNCSetup: sampleRate = 48000, duration = 10
[2026-Aug-17 19:58:06.075 +02:00][23012:21156][warning] Unable to find model for requested sampleRate: 48000
[2026-Aug-17 19:58:06.086 +02:00][23012:21156][info ] KrispNCSetup: sampleRate = 48000, duration = 10
[2026-Aug-17 19:58:06.086 +02:00][23012:21156][warning] Unable to find model for requested sampleRate: 48000
[2026-Aug-17 19:58:06.099 +02:00][23012:21156][info ] KrispNCSetup: sampleRate = 48000, duration = 10
[2026-Aug-17 19:58:06.099 +02:00][23012:21156][warning] Unable to find model for requested sampleRate: 48000
[2026-Aug-17 19:58:06.109 +02:00][23012:21156][info ] KrispNCSetup: sampleRate = 48000, duration = 10
[2026-Aug-17 19:58:06.109 +02:00][23012:21156][warning] Unable to find model for requested sampleRate: 48000
[2026-Aug-17 19:58:06.119 +02:00][23012:21156][info ] KrispNCSetup: sampleRate = 48000, duration = 10
[2026-Aug-17 19:58:06.119 +02:00][23012:21156][warning] Unable to find model for requested sampleRate: 48000
[2026-Aug-17 19:58:06.125 +02:00][23012:21156][info ] KrispNCSetup: sampleRate = 48000, duration = 10
[2026-Aug-17 19:58:06.125 +02:00][23012:21156][warning] Unable to find model for requested sampleRate: 48000
[2026-Aug-17 19:58:06.135 +02:00][23012:21156][info ] KrispNCSetup: sampleRate = 48000, duration = 10
[2026-Aug-17 19:58:06.135 +02:00][23012:21156][warning] Unable to find model for requested sampleRate: 48000
[2026-Aug-17 19:58:06.147 +02:00][23012:21156][info ] KrispNCSetup: sampleRate = 48000, duration = 10
[2026-Aug-17 19:58:06.147 +02:00][23012:21156][warning] Unable to find model for requested sampleRate: 48000
[2026-Aug-17 19:58:06.158 +02:00][23012:21156][info ] KrispNCSetup: sampleRate = 48000, duration = 10
[2026-Aug-17 19:58:06.158 +02:00][23012:21156][warning] Unable to find model for requested sampleRate: 48000
[2026-Aug-17 19:58:06.169 +02:00][23012:21156][info ] KrispNCSetup: sampleRate = 48000, duration = 10
[2026-Aug-17 19:58:06.169 +02:00][23012:21156][warning] Unable to find model for requested sampleRate: 48000
[2026-Aug-17 19:58:06.179 +02:00][23012:21156][info ] KrispNCSetup: sampleRate = 48000, duration = 10
[2026-Aug-17 19:58:06.179 +02:00][23012:21156][warning] Unable to find model for requested sampleRate: 48000
[2026-Aug-17 19:58:06.185 +02:00][23012:21156][info ] KrispNCSetup: sampleRate = 48000, duration = 10
[2026-Aug-17 19:58:06.185 +02:00][23012:21156][warning] Unable to find model for requested sampleRate: 48000
[2026-Aug-17 19:58:06.195 +02:00][23012:21156][info ] KrispNCSetup: sampleRate = 48000, duration = 10
[2026-Aug-17 19:58:06.195 +02:00][23012:21156][warning] Unable to find model for requested sampleRate: 48000
[2026-Aug-17 19:58:06.208 +02:00][23012:21156][info ] KrispNCSetup: sampleRate = 48000, duration = 10
[2026-Aug-17 19:58:06.208 +02:00][23012:21156][warning] Unable to find model for requested sampleRate: 48000
[2026-Aug-17 19:58:06.217 +02:00][23012:21156][info ] KrispNCSetup: sampleRate = 48000, duration = 10
[2026-Aug-17 19:58:06.217 +02:00][23012:21156][warning] Unable to find model for requested sampleRate: 48000
[2026-Aug-17 19:58:06.229 +02:00][23012:21156][info ] KrispNCSetup: sampleRate = 48000, duration = 10
[2026-Aug-17 19:58:06.229 +02:00][23012:21156][warning] Unable to find model for requested sampleRate: 48000
[2026-Aug-17 19:58:06.235 +02:00][23012:21156][info ] KrispNCSetup: sampleRate = 48000, duration = 10
[2026-Aug-17 19:58:06.235 +02:00][23012:21156][warning] Unable to find model for requested sampleRate: 48000
[2026-Aug-17 19:58:06.248 +02:00][23012:21156][info ] KrispNCSetup: sampleRate = 48000, duration = 10
[2026-Aug-17 19:58:06.248 +02:00][23012:21156][warning] Unable to find model for requested sampleRate: 48000
[2026-Aug-17 19:58:06.258 +02:00][23012:21156][info ] KrispNCSetup: sampleRate = 48000, duration = 10
[2026-Aug-17 19:58:06.258 +02:00][23012:21156][warning] Unable to find model for requested sampleRate: 48000
[2026-Aug-17 19:58:06.269 +02:00][23012:21156][info ] KrispNCSetup: sampleRate = 48000, duration = 10
[2026-Aug-17 19:58:06.269 +02:00][23012:21156][warning] Unable to find model for requested sampleRate: 48000
[2026-Aug-17 19:58:06.275 +02:00][23012:21156][info ] KrispNCSetup: sampleRate = 48000, duration = 10
[2026-Aug-17 19:58:06.275 +02:00][23012:21156][warning] Unable to find model for requested sampleRate: 48000
[2026-Aug-17 19:58:06.288 +02:00][23012:21156][info ] KrispNCSetup: sampleRate = 48000, duration = 10
[2026-Aug-17 19:58:06.288 +02:00][23012:21156][warning] Unable to find model for requested sampleRate: 48000
[2026-Aug-17 19:58:06.299 +02:00][23012:21156][info ] KrispNCSetup: sampleRate = 48000, duration = 10
[2026-Aug-17 19:58:06.299 +02:00][23012:21156][warning] Unable to find model for requested sampleRate: 48000
[2026-Aug-17 19:58:06.305 +02:00][23012:21156][info ] KrispNCSetup: sampleRate = 48000, duration = 10
[2026-Aug-17 19:58:06.305 +02:00][23012:21156][warning] Unable to find model for requested sampleRate: 48000
[2026-Aug-17 19:58:06.316 +02:00][23012:21156][info ] KrispNCSetup: sampleRate = 48000, duration = 10
[2026-Aug-17 19:58:06.316 +02:00][23012:21156][warning] Unable to find model for requested sampleRate: 48000
[2026-Aug-17 19:58:06.329 +02:00][23012:21156][info ] KrispNCSetup: sampleRate = 48000, duration = 10
[2026-Aug-17 19:58:06.329 +02:00][23012:21156][warning] Unable to find model for requested sampleRate: 48000
[2026-Aug-17 19:58:06.340 +02:00][23012:21156][info ] KrispNCSetup: sampleRate = 48000, duration = 10
[2026-Aug-17 19:58:06.340 +02:00][23012:21156][warning] Unable to find model for requested sampleRate: 48000
[2026-Aug-17 19:58:06.347 +02:00][23012:21156][info ] KrispNCSetup: sampleRate = 48000, duration = 10
[2026-Aug-17 19:58:06.347 +02:00][23012:21156][warning] Unable to find model for requested sampleRate: 48000
[2026-Aug-17 19:58:06.358 +02:00][23012:21156][info ] KrispNCSetup: sampleRate = 48000, duration = 10
[2026-Aug-17 19:58:06.358 +02:00][23012:21156][warning] Unable to find model for requested sampleRate: 48000
[2026-Aug-17 19:58:06.365 +02:00][23012:21156][info ] KrispNCSetup: sampleRate = 48000, duration = 10
[2026-Aug-17 19:58:06.365 +02:00][23012:21156][warning] Unable to find model for requested sampleRate: 48000
[2026-Aug-17 19:58:06.377 +02:00][23012:21156][info ] KrispNCSetup: sampleRate = 48000, duration = 10
[2026-Aug-17 19:58:06.377 +02:00][23012:21156][warning] Unable to find model for requested sampleRate: 48000
[2026-Aug-17 19:58:06.390 +02:00][23012:21156][info ] KrispNCSetup: sampleRate = 48000, duration = 10
[2026-Aug-17 19:58:06.390 +02:00][23012:21156][warning] Unable to find model for requested sampleRate: 48000
[2026-Aug-17 20:00:10.137 +02:00][23012:21156][info ] KrispNCSetup: sampleRate = 48000, duration = 10
[2026-Aug-17 20:00:10.138 +02:00][23012:21156][warning] Unable to find model for requested sampleRate: 48000
[2026-Aug-17 20:00:10.148 +02:00][23012:21156][info ] KrispNCSetup: sampleRate = 48000, duration = 10
[2026-Aug-17 20:00:10.148 +02:00][23012:21156][warning] Unable to find model for requested sampleRate: 48000
[2026-Aug-17 20:00:10.159 +02:00][23012:21156][info ] KrispNCSetup: sampleRate = 48000, duration = 10
[2026-Aug-17 20:00:10.159 +02:00][23012:21156][warning] Unable to find model for requested sampleRate: 48000
[2026-Aug-17 20:00:10.169 +02:00][23012:21156][info ] KrispNCSetup: sampleRate = 48000, duration = 10
[2026-Aug-17 20:00:10.169 +02:00][23012:21156][warning] Unable to find model for requested sampleRate: 48000
[2026-Aug-17 20:00:10.175 +02:00][23012:21156][info ] KrispNCSetup: sampleRate = 48000, duration = 10
[2026-Aug-17 20:00:10.175 +02:00][23012:21156][warning] Unable to find model for requested sampleRate: 48000
[2026-Aug-17 20:00:10.187 +02:00][23012:21156][info ] KrispNCSetup: sampleRate = 48000, duration = 10
[2026-Aug-17 20:00:10.187 +02:00][23012:21156][warning] Unable to find model for requested sampleRate: 48000
[2026-Aug-17 20:00:10.198 +02:00][23012:21156][info ] KrispNCSetup: sampleRate = 48000, duration = 10
[2026-Aug-17 20:00:10.198 +02:00][23012:21156][warning] Unable to find model for requested sampleRate: 48000
[2026-Aug-17 20:00:10.204 +02:00][23012:21156][info ] KrispNCSetup: sampleRate = 48000, duration = 10
[2026-Aug-17 20:00:10.204 +02:00][23012:21156][warning] Unable to find model for requested sampleRate: 48000
[2026-Aug-17 20:00:10.219 +02:00][23012:21156][info ] KrispNCSetup: sampleRate = 48000, duration = 10
[2026-Aug-17 20:00:10.219 +02:00][23012:21156][warning] Unable to find model for requested sampleRate: 48000
[2026-Aug-17 20:00:10.225 +02:00][23012:21156][info ] KrispNCSetup: sampleRate = 48000, duration = 10
[2026-Aug-17 20:00:10.225 +02:00][23012:21156][warning] Unable to find model for requested sampleRate: 48000
[2026-Aug-17 20:00:10.237 +02:00][23012:21156][info ] KrispNCSetup: sampleRate = 48000, duration = 10
[2026-Aug-17 20:00:10.238 +02:00][23012:21156][warning] Unable to find model for requested sampleRate: 48000
[2026-Aug-17 20:00:10.248 +02:00][23012:21156][info ] KrispNCSetup: sampleRate = 48000, duration = 10
[2026-Aug-17 20:00:10.248 +02:00][23012:21156][warning] Unable to find model for requested sampleRate: 48000
[2026-Aug-17 20:00:10.259 +02:00][23012:21156][info ] KrispNCSetup: sampleRate = 48000, duration = 10
[2026-Aug-17 20:00:10.259 +02:00][23012:21156][warning] Unable to find model for requested sampleRate: 48000
[2026-Aug-17 20:00:10.269 +02:00][23012:21156][info ] KrispNCSetup: sampleRate = 48000, duration = 10
[2026-Aug-17 20:00:10.269 +02:00][23012:21156][warning] Unable to find model for requested sampleRate: 48000
[2026-Aug-17 20:00:10.275 +02:00][23012:21156][info ] KrispNCSetup: sampleRate = 48000, duration = 10
[2026-Aug-17 20:00:10.275 +02:00][23012:21156][warning] Unable to find model for requested sampleRate: 48000
[2026-Aug-17 20:00:10.288 +02:00][23012:21156][info ] KrispNCSetup: sampleRate = 48000, duration = 10
[2026-Aug-17 20:00:10.288 +02:00][23012:21156][warning] Unable to find model for requested sampleRate: 48000
[2026-Aug-17 20:00:10.298 +02:00][23012:21156][info ] KrispNCSetup: sampleRate = 48000, duration = 10
[2026-Aug-17 20:00:10.298 +02:00][23012:21156][warning] Unable to find model for requested sampleRate: 48000
[2026-Aug-17 20:00:10.309 +02:00][23012:21156][info ] KrispNCSetup: sampleRate = 48000, duration = 10
[2026-Aug-17 20:00:10.309 +02:00][23012:21156][warning] Unable to find model for requested sampleRate: 48000
[2026-Aug-17 20:00:10.319 +02:00][23012:21156][info ] KrispNCSetup: sampleRate = 48000, duration = 10
[2026-Aug-17 20:00:10.319 +02:00][23012:21156][warning] Unable to find model for requested sampleRate: 48000
[2026-Aug-17 20:00:10.325 +02:00][23012:21156][info ] KrispNCSetup: sampleRate = 48000, duration = 10
[2026-Aug-17 20:00:10.325 +02:00][23012:21156][warning] Unable to find model for requested sampleRate: 48000
[2026-Aug-17 20:00:10.337 +02:00][23012:21156][info ] KrispNCSetup: sampleRate = 48000, duration = 10
[2026-Aug-17 20:00:10.337 +02:00][23012:21156][warning] Unable to find model for requested sampleRate: 48000
[2026-Aug-17 20:00:10.348 +02:00][23012:21156][info ] KrispNCSetup: sampleRate = 48000, duration = 10
[2026-Aug-17 20:00:10.348 +02:00][23012:21156][warning] Unable to find model for requested sampleRate: 48000
[2026-Aug-17 20:00:10.359 +02:00][23012:21156][info ] KrispNCSetup: sampleRate = 48000, duration = 10
[2026-Aug-17 20:00:10.359 +02:00][23012:21156][warning] Unable to find model for requested sampleRate: 48000
[2026-Aug-17 20:00:10.369 +02:00][23012:21156][info ] KrispNCSetup: sampleRate = 48000, duration = 10
[2026-Aug-17 20:00:10.369 +02:00][23012:21156][warning] Unable to find model for requested sampleRate: 48000
[2026-Aug-17 20:00:10.375 +02:00][23012:21156][info ] KrispNCSetup: sampleRate = 48000, duration = 10
[2026-Aug-17 20:00:10.375 +02:00][23012:21156][warning] Unable to find model for requested sampleRate: 48000
[2026-Aug-17 20:00:10.385 +02:00][23012:21156][info ] KrispNCSetup: sampleRate = 48000, duration = 10
[2026-Aug-17 20:00:10.385 +02:00][23012:21156][warning] Unable to find model for requested sampleRate: 48000
[2026-Aug-17 20:00:10.398 +02:00][23012:21156][info ] KrispNCSetup: sampleRate = 48000, duration = 10
[2026-Aug-17 20:00:10.398 +02:00][23012:21156][warning] Unable to find model for requested sampleRate: 48000
[2026-Aug-17 20:00:10.409 +02:00][23012:21156][info ] KrispNCSetup: sampleRate = 48000, duration = 10
[2026-Aug-17 20:00:10.409 +02:00][23012:21156][warning] Unable to find model for requested sampleRate: 48000
[2026-Aug-17 20:00:10.419 +02:00][23012:21156][info ] KrispNCSetup: sampleRate = 48000, duration = 10
[2026-Aug-17 20:00:10.419 +02:00][23012:21156][warning] Unable to find model for requested sampleRate: 48000
[2026-Aug-17 20:00:10.425 +02:00][23012:21156][info ] KrispNCSetup: sampleRate = 48000, duration = 10
[2026-Aug-17 20:00:10.425 +02:00][23012:21156][warning] Unable to find model for requested sampleRate: 48000
[2026-Aug-17 20:00:10.437 +02:00][23012:21156][info ] KrispNCSetup: sampleRate = 48000, duration = 10
[2026-Aug-17 20:00:10.437 +02:00][23012:21156][warning] Unable to find model for requested sampleRate: 48000
[2026-Aug-17 20:00:10.449 +02:00][23012:21156][info ] KrispNCSetup: sampleRate = 48000, duration = 10
[2026-Aug-17 20:00:10.449 +02:00][23012:21156][warning] Unable to find model for requested sampleRate: 48000
[2026-Aug-17 20:00:10.455 +02:00][23012:21156][info ] KrispNCSetup: sampleRate = 48000, duration = 10
[2026-Aug-17 20:00:10.455 +02:00][23012:21156][warning] Unable to find model for requested sampleRate: 48000
[2026-Aug-17 20:00:10.467 +02:00][23012:21156][info ] KrispNCSetup: sampleRate = 48000, duration = 10
[2026-Aug-17 20:00:10.467 +02:00][23012:21156][warning] Unable to find model for requested sampleRate: 48000
[2026-Aug-17 20:00:10.478 +02:00][23012:21156][info ] KrispNCSetup: sampleRate = 48000, duration = 10
[2026-Aug-17 20:00:10.478 +02:00][23012:21156][warning] Unable to find model for requested sampleRate: 48000
[2026-Aug-17 20:00:10.489 +02:00][23012:21156][info ] KrispNCSetup: sampleRate = 48000, duration = 10
[2026-Aug-17 20:00:10.489 +02:00][23012:21156][warning] Unable to find model for requested sampleRate: 48000
[2026-Aug-17 20:00:10.499 +02:00][23012:21156][info ] KrispNCSetup: sampleRate = 48000, duration = 10
[2026-Aug-17 20:00:10.499 +02:00][23012:21156][warning] Unable to find model for requested sampleRate: 48000
[2026-Aug-17 20:00:10.505 +02:00][23012:21156][info ] KrispNCSetup: sampleRate = 48000, duration = 10
[2026-Aug-17 20:00:10.505 +02:00][23012:21156][warning] Unable to find model for requested sampleRate: 48000
[2026-Aug-17 20:00:10.517 +02:00][23012:21156][info ] KrispNCSetup: sampleRate = 48000, duration = 10
[2026-Aug-17 20:00:10.517 +02:00][23012:21156][warning] Unable to find model for requested sampleRate: 48000
[2026-Aug-17 20:00:10.527 +02:00][23012:21156][info ] KrispNCSetup: sampleRate = 48000, duration = 10
[2026-Aug-17 20:00:10.527 +02:00][23012:21156][warning] Unable to find model for requested sampleRate: 48000
[2026-Aug-17 20:00:10.539 +02:00][23012:21156][info ] KrispNCSetup: sampleRate = 48000, duration = 10
[2026-Aug-17 20:00:10.539 +02:00][23012:21156][warning] Unable to find model for requested sampleRate: 48000
[2026-Aug-17 20:00:10.549 +02:00][23012:21156][info ] KrispNCSetup: sampleRate = 48000, duration = 10
[2026-Aug-17 20:00:10.549 +02:00][23012:21156][warning] Unable to find model for requested sampleRate: 48000
[2026-Aug-17 20:00:10.555 +02:00][23012:21156][info ] KrispNCSetup: sampleRate = 48000, duration = 10
[2026-Aug-17 20:00:10.555 +02:00][23012:21156][warning] Unable to find model for requested sampleRate: 48000
[2026-Aug-17 20:00:10.568 +02:00][23012:21156][info ] KrispNCSetup: sampleRate = 48000, duration = 10
[2026-Aug-17 20:00:10.568 +02:00][23012:21156][warning] Unable to find model for requested sampleRate: 48000
[2026-Aug-17 20:00:10.579 +02:00][23012:21156][info ] KrispNCSetup: sampleRate = 48000, duration = 10
[2026-Aug-17 20:00:10.579 +02:00][23012:21156][warning] Unable to find model for requested sampleRate: 48000
[2026-Aug-17 20:00:10.589 +02:00][23012:21156][info ] KrispNCSetup: sampleRate = 48000, duration = 10
[2026-Aug-17 20:00:10.589 +02:00][23012:21156][warning] Unable to find model for requested sampleRate: 48000
[2026-Aug-17 20:00:10.599 +02:00][23012:21156][info ] KrispNCSetup: sampleRate = 48000, duration = 10
[2026-Aug-17 20:00:10.599 +02:00][23012:21156][warning] Unable to find model for requested sampleRate: 48000
[2026-Aug-17 20:00:10.605 +02:00][23012:21156][info ] KrispNCSetup: sampleRate = 48000, duration = 10
[2026-Aug-17 20:00:10.605 +02:00][23012:21156][warning] Unable to find model for requested sampleRate: 48000
[2026-Aug-17 20:00:10.617 +02:00][23012:21156][info ] KrispNCSetup: sampleRate = 48000, duration = 10
[2026-Aug-17 20:00:10.617 +02:00][23012:21156][warning] Unable to find model for requested sampleRate: 48000
[2026-Aug-17 20:00:10.630 +02:00][23012:21156][info ] KrispNCSetup: sampleRate = 48000, duration = 10
[2026-Aug-17 20:00:10.630 +02:00][23012:21156][warning] Unable to find model for requested sampleRate: 48000
[2026-Aug-17 20:00:10.638 +02:00][23012:21156][info ] KrispNCSetup: sampleRate = 48000, duration = 10
[2026-Aug-17 20:00:10.638 +02:00][23012:21156][warning] Unable to find model for requested sampleRate: 48000
[2026-Aug-17 20:00:10.649 +02:00][23012:21156][info ] KrispNCSetup: sampleRate = 48000, duration = 10
[2026-Aug-17 20:00:10.649 +02:00][23012:21156][warning] Unable to find model for requested sampleRate: 48000
[2026-Aug-17 20:00:10.655 +02:00][23012:21156][info ] KrispNCSetup: sampleRate = 48000, duration = 10
[2026-Aug-17 20:00:10.655 +02:00][23012:21156][warning] Unable to find model for requested sampleRate: 48000
[2026-Aug-17 20:00:10.667 +02:00][23012:21156][info ] KrispNCSetup: sampleRate = 48000, duration = 10
[2026-Aug-17 20:00:10.667 +02:00][23012:21156][warning] Unable to find model for requested sampleRate: 48000
[2026-Aug-17 20:00:10.677 +02:00][23012:21156][info ] KrispNCSetup: sampleRate = 48000, duration = 10
[2026-Aug-17 20:00:10.677 +02:00][23012:21156][warning] Unable to find model for requested sampleRate: 48000
[2026-Aug-17 20:00:10.690 +02:00][23012:21156][info ] KrispNCSetup: sampleRate = 48000, duration = 10
[2026-Aug-17 20:00:10.690 +02:00][23012:21156][warning] Unable to find model for requested sampleRate: 48000
[2026-Aug-17 20:00:10.697 +02:00][23012:21156][info ] KrispNCSetup: sampleRate = 48000, duration = 10
[2026-Aug-17 20:00:10.697 +02:00][23012:21156][warning] Unable to find model for requested sampleRate: 48000
[2026-Aug-17 20:00:10.707 +02:00][23012:21156][info ] KrispNCSetup: sampleRate = 48000, duration = 10
[2026-Aug-17 20:00:10.707 +02:00][23012:21156][warning] Unable to find model for requested sampleRate: 48000
[2026-Aug-17 20:00:10.719 +02:00][23012:21156][info ] KrispNCSetup: sampleRate = 48000, duration = 10
[2026-Aug-17 20:00:10.719 +02:00][23012:21156][warning] Unable to find model for requested sampleRate: 48000
[2026-Aug-17 20:00:10.729 +02:00][23012:21156][info ] KrispNCSetup: sampleRate = 48000, duration = 10
[2026-Aug-17 20:00:10.729 +02:00][23012:21156][warning] Unable to find model for requested sampleRate: 48000
[2026-Aug-17 20:00:10.735 +02:00][23012:21156][info ] KrispNCSetup: sampleRate = 48000, duration = 10
[2026-Aug-17 20:00:10.735 +02:00][23012:21156][warning] Unable to find model for requested sampleRate: 48000
[2026-Aug-17 20:00:10.746 +02:00][23012:21156][info ] KrispNCSetup: sampleRate = 48000, duration = 10
[2026-Aug-17 20:00:10.746 +02:00][23012:21156][warning] Unable to find model for requested sampleRate: 48000
[2026-Aug-17 20:00:10.759 +02:00][23012:21156][info ] KrispNCSetup: sampleRate = 48000, duration = 10
[2026-Aug-17 20:00:10.759 +02:00][23012:21156][warning] Unable to find model for requested sampleRate: 48000
[2026-Aug-17 20:00:10.769 +02:00][23012:21156][info ] KrispNCSetup: sampleRate = 48000, duration = 10
[2026-Aug-17 20:00:10.769 +02:00][23012:21156][warning] Unable to find model for requested sampleRate: 48000
[2026-Aug-17 20:00:10.775 +02:00][23012:21156][info ] KrispNCSetup: sampleRate = 48000, duration = 10
[2026-Aug-17 20:00:10.775 +02:00][23012:21156][warning] Unable to find model for requested sampleRate: 48000
[2026-Aug-17 20:00:10.786 +02:00][23012:21156][info ] KrispNCSetup: sampleRate = 48000, duration = 10
[2026-Aug-17 20:00:10.786 +02:00][23012:21156][warning] Unable to find model for requested sampleRate: 48000
[2026-Aug-17 20:00:10.798 +02:00][23012:21156][info ] KrispNCSetup: sampleRate = 48000, duration = 10
[2026-Aug-17 20:00:10.798 +02:00][23012:21156][warning] Unable to find model for requested sampleRate: 48000
[2026-Aug-17 20:00:10.806 +02:00][23012:21156][info ] KrispNCSetup: sampleRate = 48000, duration = 10
[2026-Aug-17 20:00:10.806 +02:00][23012:21156][warning] Unable to find model for requested sampleRate: 48000
[2026-Aug-17 20:00:10.818 +02:00][23012:21156][info ] KrispNCSetup: sampleRate = 48000, duration = 10
[2026-Aug-17 20:00:10.818 +02:00][23012:21156][warning] Unable to find model for requested sampleRate: 48000
[2026-Aug-17 20:00:10.829 +02:00][23012:21156][info ] KrispNCSetup: sampleRate = 48000, duration = 10
[2026-Aug-17 20:00:10.829 +02:00][23012:21156][warning] Unable to find model for requested sampleRate: 48000
[2026-Aug-17 20:00:10.839 +02:00][23012:21156][info ] KrispNCSetup: sampleRate = 48000, duration = 10
[2026-Aug-17 20:00:10.839 +02:00][23012:21156][warning] Unable to find model for requested sampleRate: 48000
[2026-Aug-17 20:00:10.850 +02:00][23012:21156][info ] KrispNCSetup: sampleRate = 48000, duration = 10
[2026-Aug-17 20:00:10.850 +02:00][23012:21156][warning] Unable to find model for requested sampleRate: 48000
[2026-Aug-17 20:00:10.856 +02:00][23012:21156][info ] KrispNCSetup: sampleRate = 48000, duration = 10
[2026-Aug-17 20:00:10.856 +02:00][23012:21156][warning] Unable to find model for requested sampleRate: 48000
[2026-Aug-17 20:00:10.872 +02:00][23012:21156][info ] KrispNCSetup: sampleRate = 48000, duration = 10
[2026-Aug-17 20:00:10.872 +02:00][23012:21156][warning] Unable to find model for requested sampleRate: 48000
[2026-Aug-17 20:00:10.877 +02:00][23012:21156][info ] KrispNCSetup: sampleRate = 48000, duration = 10
[2026-Aug-17 20:00:10.877 +02:00][23012:21156][warning] Unable to find model for requested sampleRate: 48000
[2026-Aug-17 20:00:10.889 +02:00][23012:21156][info ] KrispNCSetup: sampleRate = 48000, duration = 10
[2026-Aug-17 20:00:10.889 +02:00][23012:21156][warning] Unable to find model for requested sampleRate: 48000
[2026-Aug-17 20:00:10.899 +02:00][23012:21156][info ] KrispNCSetup: sampleRate = 48000, duration = 10
[2026-Aug-17 20:00:10.899 +02:00][23012:21156][warning] Unable to find model for requested sampleRate: 48000
[2026-Aug-17 20:00:10.905 +02:00][23012:21156][info ] KrispNCSetup: sampleRate = 48000, duration = 10
[2026-Aug-17 20:00:10.905 +02:00][23012:21156][warning] Unable to find model for requested sampleRate: 48000
[2026-Aug-17 20:00:10.916 +02:00][23012:21156][info ] KrispNCSetup: sampleRate = 48000, duration = 10
[2026-Aug-17 20:00:10.916 +02:00][23012:21156][warning] Unable to find model for requested sampleRate: 48000
[2026-Aug-17 20:00:10.929 +02:00][23012:21156][info ] KrispNCSetup: sampleRate = 48000, duration = 10
[2026-Aug-17 20:00:10.929 +02:00][23012:21156][warning] Unable to find model for requested sampleRate: 48000
[2026-Aug-17 20:00:10.939 +02:00][23012:21156][info ] KrispNCSetup: sampleRate = 48000, duration = 10
[2026-Aug-17 20:00:10.939 +02:00][23012:21156][warning] Unable to find model for requested sampleRate: 48000
[2026-Aug-17 20:00:10.945 +02:00][23012:21156][info ] KrispNCSetup: sampleRate = 48000, duration = 10
[2026-Aug-17 20:00:10.945 +02:00][23012:21156][warning] Unable to find model for requested sampleRate: 48000
[2026-Aug-17 20:00:10.957 +02:00][23012:21156][info ] KrispNCSetup: sampleRate = 48000, duration = 10
[2026-Aug-17 20:00:10.957 +02:00][23012:21156][warning] Unable to find model for requested sampleRate: 48000
[2026-Aug-17 20:00:10.967 +02:00][23012:21156][info ] KrispNCSetup: sampleRate = 48000, duration = 10
[2026-Aug-17 20:00:10.967 +02:00][23012:21156][warning] Unable to find model for requested sampleRate: 48000
[2026-Aug-17 20:00:10.977 +02:00][23012:21156][info ] KrispNCSetup: sampleRate = 48000, duration = 10
[2026-Aug-17 20:00:10.977 +02:00][23012:21156][warning] Unable to find model for requested sampleRate: 48000
[2026-Aug-17 20:00:10.989 +02:00][23012:21156][info ] KrispNCSetup: sampleRate = 48000, duration = 10
[2026-Aug-17 20:00:10.989 +02:00][23012:21156][warning] Unable to find model for requested sampleRate: 48000
[2026-Aug-17 20:00:10.995 +02:00][23012:21156][info ] KrispNCSetup: sampleRate = 48000, duration = 10
[2026-Aug-17 20:00:10.995 +02:00][23012:21156][warning] Unable to find model for requested sampleRate: 48000
[2026-Aug-17 20:00:11.005 +02:00][23012:21156][info ] KrispNCSetup: sampleRate = 48000, duration = 10
[2026-Aug-17 20:00:11.005 +02:00][23012:21156][warning] Unable to find model for requested sampleRate: 48000
[2026-Aug-17 20:00:11.017 +02:00][23012:21156][info ] KrispNCSetup: sampleRate = 48000, duration = 10
[2026-Aug-17 20:00:11.017 +02:00][23012:21156][warning] Unable to find model for requested sampleRate: 48000
[2026-Aug-17 20:00:11.029 +02:00][23012:21156][info ] KrispNCSetup: sampleRate = 48000, duration = 10
[2026-Aug-17 20:00:11.029 +02:00][23012:21156][warning] Unable to find model for requested sampleRate: 48000
[2026-Aug-17 20:00:11.035 +02:00][23012:21156][info ] KrispNCSetup: sampleRate = 48000, duration = 10
[2026-Aug-17 20:00:11.035 +02:00][23012:21156][warning] Unable to find model for requested sampleRate: 48000
[2026-Aug-17 20:00:11.048 +02:00][23012:21156][info ] KrispNCSetup: sampleRate = 48000, duration = 10
[2026-Aug-17 20:00:11.048 +02:00][23012:21156][warning] Unable to find model for requested sampleRate: 48000
[2026-Aug-17 20:00:11.060 +02:00][23012:21156][info ] KrispNCSetup: sampleRate = 48000, duration = 10
[2026-Aug-17 20:00:11.060 +02:00][23012:21156][warning] Unable to find model for requested sampleRate: 48000
[2026-Aug-17 20:00:11.071 +02:00][23012:21156][info ] KrispNCSetup: sampleRate = 48000, duration = 10
[2026-Aug-17 20:00:11.071 +02:00][23012:21156][warning] Unable to find model for requested sampleRate: 48000
[2026-Aug-17 20:00:11.078 +02:00][23012:21156][info ] KrispNCSetup: sampleRate = 48000, duration = 10
[2026-Aug-17 20:00:11.078 +02:00][23012:21156][warning] Unable to find model for requested sampleRate: 48000
[2026-Aug-17 20:00:11.089 +02:00][23012:21156][info ] KrispNCSetup: sampleRate = 48000, duration = 10
[2026-Aug-17 20:00:11.089 +02:00][23012:21156][warning] Unable to find model for requested sampleRate: 48000
[2026-Aug-17 20:00:11.095 +02:00][23012:21156][info ] KrispNCSetup: sampleRate = 48000, duration = 10
[2026-Aug-17 20:00:11.095 +02:00][23012:21156][warning] Unable to find model for requested sampleRate: 48000
[2026-Aug-17 20:00:11.107 +02:00][23012:21156][info ] KrispNCSetup: sampleRate = 48000, duration = 10
[2026-Aug-17 20:00:11.107 +02:00][23012:21156][warning] Unable to find model for requested sampleRate: 48000
[2026-Aug-17 20:00:11.119 +02:00][23012:21156][info ] KrispNCSetup: sampleRate = 48000, duration = 10
[2026-Aug-17 20:00:11.119 +02:00][23012:21156][warning] Unable to find model for requested sampleRate: 48000
[2026-Aug-17 20:00:11.130 +02:00][23012:21156][info ] KrispNCSetup: sampleRate = 48000, duration = 10
[2026-Aug-17 20:00:11.130 +02:00][23012:21156][warning] Unable to find model for requested sampleRate: 48000
[2026-Aug-17 20:00:11.136 +02:00][23012:21156][info ] KrispNCSetup: sampleRate = 48000, duration = 10
[2026-Aug-17 20:00:11.136 +02:00][23012:21156][warning] Unable to find model for requested sampleRate: 48000
[2026-Aug-17 20:00:11.147 +02:00][23012:21156][info ] KrispNCSetup: sampleRate = 48000, duration = 10
[2026-Aug-17 20:00:11.147 +02:00][23012:21156][warning] Unable to find model for requested sampleRate: 48000
[2026-Aug-17 20:00:11.159 +02:00][23012:21156][info ] KrispNCSetup: sampleRate = 48000, duration = 10
[2026-Aug-17 20:00:11.159 +02:00][23012:21156][warning] Unable to find model for requested sampleRate: 48000
[2026-Aug-17 20:00:11.170 +02:00][23012:21156][info ] KrispNCSetup: sampleRate = 48000, duration = 10
[2026-Aug-17 20:00:11.170 +02:00][23012:21156][warning] Unable to find model for requested sampleRate: 48000
[2026-Aug-17 20:00:11.177 +02:00][23012:21156][info ] KrispNCSetup: sampleRate = 48000, duration = 10
[2026-Aug-17 20:00:11.177 +02:00][23012:21156][warning] Unable to find model for requested sampleRate: 48000
[2026-Aug-17 20:00:11.189 +02:00][23012:21156][info ] KrispNCSetup: sampleRate = 48000, duration = 10
[2026-Aug-17 20:00:11.189 +02:00][23012:21156][warning] Unable to find model for requested sampleRate: 48000
[2026-Aug-17 20:00:11.195 +02:00][23012:21156][info ] KrispNCSetup: sampleRate = 48000, duration = 10
[2026-Aug-17 20:00:11.195 +02:00][23012:21156][warning] Unable to find model for requested sampleRate: 48000
[2026-Aug-17 20:00:11.208 +02:00][23012:21156][info ] KrispNCSetup: sampleRate = 48000, duration = 10
[2026-Aug-17 20:00:11.208 +02:00][23012:21156][warning] Unable to find model for requested sampleRate: 48000
[2026-Aug-17 20:00:11.219 +02:00][23012:21156][info ] KrispNCSetup: sampleRate = 48000, duration = 10
[2026-Aug-17 20:00:11.219 +02:00][23012:21156][warning] Unable to find model for requested sampleRate: 48000
[2026-Aug-17 20:00:11.225 +02:00][23012:21156][info ] KrispNCSetup: sampleRate = 48000, duration = 10
[2026-Aug-17 20:00:11.225 +02:00][23012:21156][warning] Unable to find model for requested sampleRate: 48000
[2026-Aug-17 20:00:11.235 +02:00][23012:21156][info ] KrispNCSetup: sampleRate = 48000, duration = 10
[2026-Aug-17 20:00:11.235 +02:00][23012:21156][warning] Unable to find model for requested sampleRate: 48000
[2026-Aug-17 20:00:11.250 +02:00][23012:21156][info ] KrispNCSetup: sampleRate = 48000, duration = 10
[2026-Aug-17 20:00:11.250 +02:00][23012:21156][warning] Unable to find model for requested sampleRate: 48000
[2026-Aug-17 20:00:11.256 +02:00][23012:21156][info ] KrispNCSetup: sampleRate = 48000, duration = 10
[2026-Aug-17 20:00:11.256 +02:00][23012:21156][warning] Unable to find model for requested sampleRate: 48000
[2026-Aug-17 20:00:11.269 +02:00][23012:21156][info ] KrispNCSetup: sampleRate = 48000, duration = 10
[2026-Aug-17 20:00:11.269 +02:00][23012:21156][warning] Unable to find model for requested sampleRate: 48000
[2026-Aug-17 20:00:11.279 +02:00][23012:21156][info ] KrispNCSetup: sampleRate = 48000, duration = 10
[2026-Aug-17 20:00:11.279 +02:00][23012:21156][warning] Unable to find model for requested sampleRate: 48000
[2026-Aug-17 20:00:11.285 +02:00][23012:21156][info ] KrispNCSetup: sampleRate = 48000, duration = 10
[2026-Aug-17 20:00:11.285 +02:00][23012:21156][warning] Unable to find model for requested sampleRate: 48000
[2026-Aug-17 20:00:11.295 +02:00][23012:21156][info ] KrispNCSetup: sampleRate = 48000, duration = 10
[2026-Aug-17 20:00:11.295 +02:00][23012:21156][warning] Unable to find model for requested sampleRate: 48000
[2026-Aug-17 20:00:11.305 +02:00][23012:21156][info ] KrispNCSetup: sampleRate = 48000, duration = 10
[2026-Aug-17 20:00:11.305 +02:00][23012:21156][warning] Unable to find model for requested sampleRate: 48000
[2026-Aug-17 20:00:11.315 +02:00][23012:21156][info ] KrispNCSetup: sampleRate = 48000, duration = 10
[2026-Aug-17 20:00:11.315 +02:00][23012:21156][warning] Unable to find model for requested sampleRate: 48000
[2026-Aug-17 20:00:11.325 +02:00][23012:21156][info ] KrispNCSetup: sampleRate = 48000, duration = 10
[2026-Aug-17 20:00:11.325 +02:00][23012:21156][warning] Unable to find model for requested sampleRate: 48000
[2026-Aug-17 20:00:11.335 +02:00][23012:21156][info ] KrispNCSetup: sampleRate = 48000, duration = 10
[2026-Aug-17 20:00:11.335 +02:00][23012:21156][warning] Unable to find model for requested sampleRate: 48000
[2026-Aug-17 20:00:11.348 +02:00][23012:21156][info ] KrispNCSetup: sampleRate = 48000, duration = 10
[2026-Aug-17 20:00:11.348 +02:00][23012:21156][warning] Unable to find model for requested sampleRate: 48000
[2026-Aug-17 20:00:11.359 +02:00][23012:21156][info ] KrispNCSetup: sampleRate = 48000, duration = 10
[2026-Aug-17 20:00:11.359 +02:00][23012:21156][warning] Unable to find model for requested sampleRate: 48000
[2026-Aug-17 20:00:11.365 +02:00][23012:21156][info ] KrispNCSetup: sampleRate = 48000, duration = 10
[2026-Aug-17 20:00:11.365 +02:00][23012:21156][warning] Unable to find model for requested sampleRate: 48000
[2026-Aug-17 20:00:11.375 +02:00][23012:21156][info ] KrispNCSetup: sampleRate = 48000, duration = 10
[2026-Aug-17 20:00:11.375 +02:00][23012:21156][warning] Unable to find model for requested sampleRate: 48000
[2026-Aug-17 20:00:11.385 +02:00][23012:21156][info ] KrispNCSetup: sampleRate = 48000, duration = 10
[2026-Aug-17 20:00:11.385 +02:00][23012:21156][warning] Unable to find model for requested sampleRate: 48000
[2026-Aug-17 20:00:11.397 +02:00][23012:21156][info ] KrispNCSetup: sampleRate = 48000, duration = 10
[2026-Aug-17 20:00:11.397 +02:00][23012:21156][warning] Unable to find model for requested sampleRate: 48000
[2026-Aug-17 20:00:11.407 +02:00][23012:21156][info ] KrispNCSetup: sampleRate = 48000, duration = 10
[2026-Aug-17 20:00:11.407 +02:00][23012:21156][warning] Unable to find model for requested sampleRate: 48000
[2026-Aug-17 20:00:11.417 +02:00][23012:21156][info ] KrispNCSetup: sampleRate = 48000, duration = 10
[2026-Aug-17 20:00:11.417 +02:00][23012:21156][warning] Unable to find model for requested sampleRate: 48000
[2026-Aug-17 20:00:11.430 +02:00][23012:21156][info ] KrispNCSetup: sampleRate = 48000, duration = 10
[2026-Aug-17 20:00:11.430 +02:00][23012:21156][warning] Unable to find model for requested sampleRate: 48000
[2026-Aug-17 20:00:11.436 +02:00][23012:21156][info ] KrispNCSetup: sampleRate = 48000, duration = 10
[2026-Aug-17 20:00:11.436 +02:00][23012:21156][warning] Unable to find model for requested sampleRate: 48000
[2026-Aug-17 20:00:11.448 +02:00][23012:21156][info ] KrispNCSetup: sampleRate = 48000, duration = 10
[2026-Aug-17 20:00:11.448 +02:00][23012:21156][warning] Unable to find model for requested sampleRate: 48000
[2026-Aug-17 20:00:11.455 +02:00][23012:21156][info ] KrispNCSetup: sampleRate = 48000, duration = 10
[2026-Aug-17 20:00:11.455 +02:00][23012:21156][warning] Unable to find model for requested sampleRate: 48000
[2026-Aug-17 20:00:11.465 +02:00][23012:21156][info ] KrispNCSetup: sampleRate = 48000, duration = 10
[2026-Aug-17 20:00:11.465 +02:00][23012:21156][warning] Unable to find model for requested sampleRate: 48000
[2026-Aug-17 20:00:11.477 +02:00][23012:21156][info ] KrispNCSetup: sampleRate = 48000, duration = 10
[2026-Aug-17 20:00:11.477 +02:00][23012:21156][warning] Unable to find model for requested sampleRate: 48000
[2026-Aug-17 20:00:11.490 +02:00][23012:21156][info ] KrispNCSetup: sampleRate = 48000, duration = 10
[2026-Aug-17 20:00:11.490 +02:00][23012:21156][warning] Unable to find model for requested sampleRate: 48000
[2026-Aug-17 20:00:11.495 +02:00][23012:21156][info ] KrispNCSetup: sampleRate = 48000, duration = 10
[2026-Aug-17 20:00:11.495 +02:00][23012:21156][warning] Unable to find model for requested sampleRate: 48000
[2026-Aug-17 20:00:11.508 +02:00][23012:21156][info ] KrispNCSetup: sampleRate = 48000, duration = 10
[2026-Aug-17 20:00:11.508 +02:00][23012:21156][warning] Unable to find model for requested sampleRate: 48000
[2026-Aug-17 20:00:11.518 +02:00][23012:21156][info ] KrispNCSetup: sampleRate = 48000, duration = 10
[2026-Aug-17 20:00:11.518 +02:00][23012:21156][warning] Unable to find model for requested sampleRate: 48000
[2026-Aug-17 20:00:11.529 +02:00][23012:21156][info ] KrispNCSetup: sampleRate = 48000, duration = 10
[2026-Aug-17 20:00:11.529 +02:00][23012:21156][warning] Unable to find model for requested sampleRate: 48000
[2026-Aug-17 20:00:11.535 +02:00][23012:21156][info ] KrispNCSetup: sampleRate = 48000, duration = 10
[2026-Aug-17 20:00:11.535 +02:00][23012:21156][warning] Unable to find model for requested sampleRate: 48000
[2026-Aug-17 20:00:11.547 +02:00][23012:21156][info ] KrispNCSetup: sampleRate = 48000, duration = 10
[2026-Aug-17 20:00:11.547 +02:00][23012:21156][warning] Unable to find model for requested sampleRate: 48000
[2026-Aug-17 20:00:11.558 +02:00][23012:21156][info ] KrispNCSetup: sampleRate = 48000, duration = 10
[2026-Aug-17 20:00:11.558 +02:00][23012:21156][warning] Unable to find model for requested sampleRate: 48000
[2026-Aug-17 20:00:11.570 +02:00][23012:21156][info ] KrispNCSetup: sampleRate = 48000, duration = 10
[2026-Aug-17 20:00:11.570 +02:00][23012:21156][warning] Unable to find model for requested sampleRate: 48000
[2026-Aug-17 20:00:11.576 +02:00][23012:21156][info ] KrispNCSetup: sampleRate = 48000, duration = 10
[2026-Aug-17 20:00:11.576 +02:00][23012:21156][warning] Unable to find model for requested sampleRate: 48000
[2026-Aug-17 20:00:11.589 +02:00][23012:21156][info ] KrispNCSetup: sampleRate = 48000, duration = 10
[2026-Aug-17 20:00:11.589 +02:00][23012:21156][warning] Unable to find model for requested sampleRate: 48000
[2026-Aug-17 20:00:11.595 +02:00][23012:21156][info ] KrispNCSetup: sampleRate = 48000, duration = 10
[2026-Aug-17 20:00:11.595 +02:00][23012:21156][warning] Unable to find model for requested sampleRate: 48000
[2026-Aug-17 20:00:11.605 +02:00][23012:21156][info ] KrispNCSetup: sampleRate = 48000, duration = 10
[2026-Aug-17 20:00:11.605 +02:00][23012:21156][warning] Unable to find model for requested sampleRate: 48000
[2026-Aug-17 20:00:11.615 +02:00][23012:21156][info ] KrispNCSetup: sampleRate = 48000, duration = 10
[2026-Aug-17 20:00:11.615 +02:00][23012:21156][warning] Unable to find model for requested sampleRate: 48000
[2026-Aug-17 20:00:11.625 +02:00][23012:21156][info ] KrispNCSetup: sampleRate = 48000, duration = 10
[2026-Aug-17 20:00:11.625 +02:00][23012:21156][warning] Unable to find model for requested sampleRate: 48000
[2026-Aug-17 20:00:11.638 +02:00][23012:21156][info ] KrispNCSetup: sampleRate = 48000, duration = 10
[2026-Aug-17 20:00:11.638 +02:00][23012:21156][warning] Unable to find model for requested sampleRate: 48000
[2026-Aug-17 20:00:11.648 +02:00][23012:21156][info ] KrispNCSetup: sampleRate = 48000, duration = 10
[2026-Aug-17 20:00:11.648 +02:00][23012:21156][warning] Unable to find model for requested sampleRate: 48000
[2026-Aug-17 20:00:11.658 +02:00][23012:21156][info ] KrispNCSetup: sampleRate = 48000, duration = 10
[2026-Aug-17 20:00:11.658 +02:00][23012:21156][warning] Unable to find model for requested sampleRate: 48000
[2026-Aug-17 20:00:11.669 +02:00][23012:21156][info ] KrispNCSetup: sampleRate = 48000, duration = 10
[2026-Aug-17 20:00:11.669 +02:00][23012:21156][warning] Unable to find model for requested sampleRate: 48000
[2026-Aug-17 20:00:11.675 +02:00][23012:21156][info ] KrispNCSetup: sampleRate = 48000, duration = 10
[2026-Aug-17 20:00:11.675 +02:00][23012:21156][warning] Unable to find model for requested sampleRate: 48000
[2026-Aug-17 20:00:11.685 +02:00][23012:21156][info ] KrispNCSetup: sampleRate = 48000, duration = 10
[2026-Aug-17 20:00:11.685 +02:00][23012:21156][warning] Unable to find model for requested sampleRate: 48000
[2026-Aug-17 20:00:11.695 +02:00][23012:21156][info ] KrispNCSetup: sampleRate = 48000, duration = 10
[2026-Aug-17 20:00:11.695 +02:00][23012:21156][warning] Unable to find model for requested sampleRate: 48000
[2026-Aug-17 20:00:11.705 +02:00][23012:21156][info ] KrispNCSetup: sampleRate = 48000, duration = 10
[2026-Aug-17 20:00:11.705 +02:00][23012:21156][warning] Unable to find model for requested sampleRate: 48000
[2026-Aug-17 20:00:11.715 +02:00][23012:21156][info ] KrispNCSetup: sampleRate = 48000, duration = 10
[2026-Aug-17 20:00:11.715 +02:00][23012:21156][warning] Unable to find model for requested sampleRate: 48000
[2026-Aug-17 20:00:11.728 +02:00][23012:21156][info ] KrispNCSetup: sampleRate = 48000, duration = 10
[2026-Aug-17 20:00:11.728 +02:00][23012:21156][warning] Unable to find model for requested sampleRate: 48000
[2026-Aug-17 20:00:11.742 +02:00][23012:21156][info ] KrispNCSetup: sampleRate = 48000, duration = 10
[2026-Aug-17 20:00:11.742 +02:00][23012:21156][warning] Unable to find model for requested sampleRate: 48000
[2026-Aug-17 20:00:11.747 +02:00][23012:21156][info ] KrispNCSetup: sampleRate = 48000, duration = 10
[2026-Aug-17 20:00:11.747 +02:00][23012:21156][warning] Unable to find model for requested sampleRate: 48000
[2026-Aug-17 20:00:11.758 +02:00][23012:21156][info ] KrispNCSetup: sampleRate = 48000, duration = 10
[2026-Aug-17 20:00:11.758 +02:00][23012:21156][warning] Unable to find model for requested sampleRate: 48000
[2026-Aug-17 20:00:11.769 +02:00][23012:21156][info ] KrispNCSetup: sampleRate = 48000, duration = 10
[2026-Aug-17 20:00:11.769 +02:00][23012:21156][warning] Unable to find model for requested sampleRate: 48000
[2026-Aug-17 20:00:11.775 +02:00][23012:21156][info ] KrispNCSetup: sampleRate = 48000, duration = 10
[2026-Aug-17 20:00:11.775 +02:00][23012:21156][warning] Unable to find model for requested sampleRate: 48000
[2026-Aug-17 20:00:11.788 +02:00][23012:21156][info ] KrispNCSetup: sampleRate = 48000, duration = 10
[2026-Aug-17 20:00:11.788 +02:00][23012:21156][warning] Unable to find model for requested sampleRate: 48000
[2026-Aug-17 20:00:11.799 +02:00][23012:21156][info ] KrispNCSetup: sampleRate = 48000, duration = 10
[2026-Aug-17 20:00:11.799 +02:00][23012:21156][warning] Unable to find model for requested sampleRate: 48000
[2026-Aug-17 20:00:11.805 +02:00][23012:21156][info ] KrispNCSetup: sampleRate = 48000, duration = 10
[2026-Aug-17 20:00:11.805 +02:00][23012:21156][warning] Unable to find model for requested sampleRate: 48000
[2026-Aug-17 20:00:11.815 +02:00][23012:21156][info ] KrispNCSetup: sampleRate = 48000, duration = 10
[2026-Aug-17 20:00:11.815 +02:00][23012:21156][warning] Unable to find model for requested sampleRate: 48000
[2026-Aug-17 20:00:11.827 +02:00][23012:21156][info ] KrispNCSetup: sampleRate = 48000, duration = 10
[2026-Aug-17 20:00:11.827 +02:00][23012:21156][warning] Unable to find model for requested sampleRate: 48000
[2026-Aug-17 20:00:11.837 +02:00][23012:21156][info ] KrispNCSetup: sampleRate = 48000, duration = 10
[2026-Aug-17 20:00:11.837 +02:00][23012:21156][warning] Unable to find model for requested sampleRate: 48000
[2026-Aug-17 20:00:11.850 +02:00][23012:21156][info ] KrispNCSetup: sampleRate = 48000, duration = 10
[2026-Aug-17 20:00:11.850 +02:00][23012:21156][warning] Unable to find model for requested sampleRate: 48000
[2026-Aug-17 20:00:11.855 +02:00][23012:21156][info ] KrispNCSetup: sampleRate = 48000, duration = 10
[2026-Aug-17 20:00:11.855 +02:00][23012:21156][warning] Unable to find model for requested sampleRate: 48000
[2026-Aug-17 20:00:11.868 +02:00][23012:21156][info ] KrispNCSetup: sampleRate = 48000, duration = 10
[2026-Aug-17 20:00:11.868 +02:00][23012:21156][warning] Unable to find model for requested sampleRate: 48000
[2026-Aug-17 20:00:11.879 +02:00][23012:21156][info ] KrispNCSetup: sampleRate = 48000, duration = 10
[2026-Aug-17 20:00:11.879 +02:00][23012:21156][warning] Unable to find model for requested sampleRate: 48000
[2026-Aug-17 20:00:11.885 +02:00][23012:21156][info ] KrispNCSetup: sampleRate = 48000, duration = 10
[2026-Aug-17 20:00:11.885 +02:00][23012:21156][warning] Unable to find model for requested sampleRate: 48000
[2026-Aug-17 20:00:11.895 +02:00][23012:21156][info ] KrispNCSetup: sampleRate = 48000, duration = 10
[2026-Aug-17 20:00:11.895 +02:00][23012:21156][warning] Unable to find model for requested sampleRate: 48000
[2026-Aug-17 20:00:11.905 +02:00][23012:21156][info ] KrispNCSetup: sampleRate = 48000, duration = 10
[2026-Aug-17 20:00:11.905 +02:00][23012:21156][warning] Unable to find model for requested sampleRate: 48000
[2026-Aug-17 20:00:11.917 +02:00][23012:21156][info ] KrispNCSetup: sampleRate = 48000, duration = 10
[2026-Aug-17 20:00:11.917 +02:00][23012:21156][warning] Unable to find model for requested sampleRate: 48000
[2026-Aug-17 20:00:11.929 +02:00][23012:21156][info ] KrispNCSetup: sampleRate = 48000, duration = 10
[2026-Aug-17 20:00:11.929 +02:00][23012:21156][warning] Unable to find model for requested sampleRate: 48000
[2026-Aug-17 20:00:11.939 +02:00][23012:21156][info ] KrispNCSetup: sampleRate = 48000, duration = 10
[2026-Aug-17 20:00:11.939 +02:00][23012:21156][warning] Unable to find model for requested sampleRate: 48000
[2026-Aug-17 20:00:11.945 +02:00][23012:21156][info ] KrispNCSetup: sampleRate = 48000, duration = 10
[2026-Aug-17 20:00:11.945 +02:00][23012:21156][warning] Unable to find model for requested sampleRate: 48000
[2026-Aug-17 20:00:11.955 +02:00][23012:21156][info ] KrispNCSetup: sampleRate = 48000, duration = 10
[2026-Aug-17 20:00:11.955 +02:00][23012:21156][warning] Unable to find model for requested sampleRate: 48000
[2026-Aug-17 20:00:11.967 +02:00][23012:21156][info ] KrispNCSetup: sampleRate = 48000, duration = 10
[2026-Aug-17 20:00:11.967 +02:00][23012:21156][warning] Unable to find model for requested sampleRate: 48000
[2026-Aug-17 20:00:11.977 +02:00][23012:21156][info ] KrispNCSetup: sampleRate = 48000, duration = 10
[2026-Aug-17 20:00:11.977 +02:00][23012:21156][warning] Unable to find model for requested sampleRate: 48000
[2026-Aug-17 20:00:11.990 +02:00][23012:21156][info ] KrispNCSetup: sampleRate = 48000, duration = 10
[2026-Aug-17 20:00:11.990 +02:00][23012:21156][warning] Unable to find model for requested sampleRate: 48000
[2026-Aug-17 20:00:11.995 +02:00][23012:21156][info ] KrispNCSetup: sampleRate = 48000, duration = 10
[2026-Aug-17 20:00:11.995 +02:00][23012:21156][warning] Unable to find model for requested sampleRate: 48000
[2026-Aug-17 20:00:12.008 +02:00][23012:21156][info ] KrispNCSetup: sampleRate = 48000, duration = 10
[2026-Aug-17 20:00:12.008 +02:00][23012:21156][warning] Unable to find model for requested sampleRate: 48000
[2026-Aug-17 20:00:12.019 +02:00][23012:21156][info ] KrispNCSetup: sampleRate = 48000, duration = 10
[2026-Aug-17 20:00:12.019 +02:00][23012:21156][warning] Unable to find model for requested sampleRate: 48000
[2026-Aug-17 20:00:12.025 +02:00][23012:21156][info ] KrispNCSetup: sampleRate = 48000, duration = 10
[2026-Aug-17 20:00:12.025 +02:00][23012:21156][warning] Unable to find model for requested sampleRate: 48000
[2026-Aug-17 20:00:12.037 +02:00][23012:21156][info ] KrispNCSetup: sampleRate = 48000, duration = 10
[2026-Aug-17 20:00:12.037 +02:00][23012:21156][warning] Unable to find model for requested sampleRate: 48000
[2026-Aug-17 20:00:12.047 +02:00][23012:21156][info ] KrispNCSetup: sampleRate = 48000, duration = 10
[2026-Aug-17 20:00:12.047 +02:00][23012:21156][warning] Unable to find model for requested sampleRate: 48000
[2026-Aug-17 20:00:12.059 +02:00][23012:21156][info ] KrispNCSetup: sampleRate = 48000, duration = 10
[2026-Aug-17 20:00:12.059 +02:00][23012:21156][warning] Unable to find model for requested sampleRate: 48000
[2026-Aug-17 20:00:12.066 +02:00][23012:21156][info ] KrispNCSetup: sampleRate = 48000, duration = 10
[2026-Aug-17 20:00:12.066 +02:00][23012:21156][warning] Unable to find model for requested sampleRate: 48000
[2026-Aug-17 20:00:12.078 +02:00][23012:21156][info ] KrispNCSetup: sampleRate = 48000, duration = 10
[2026-Aug-17 20:00:12.078 +02:00][23012:21156][warning] Unable to find model for requested sampleRate: 48000
[2026-Aug-17 20:00:12.087 +02:00][23012:21156][info ] KrispNCSetup: sampleRate = 48000, duration = 10
[2026-Aug-17 20:00:12.087 +02:00][23012:21156][warning] Unable to find model for requested sampleRate: 48000
[2026-Aug-17 20:00:12.098 +02:00][23012:21156][info ] KrispNCSetup: sampleRate = 48000, duration = 10
[2026-Aug-17 20:00:12.098 +02:00][23012:21156][warning] Unable to find model for requested sampleRate: 48000
[2026-Aug-17 20:00:12.105 +02:00][23012:21156][info ] KrispNCSetup: sampleRate = 48000, duration = 10
[2026-Aug-17 20:00:12.105 +02:00][23012:21156][warning] Unable to find model for requested sampleRate: 48000
[2026-Aug-17 20:00:12.115 +02:00][23012:21156][info ] KrispNCSetup: sampleRate = 48000, duration = 10
[2026-Aug-17 20:00:12.115 +02:00][23012:21156][warning] Unable to find model for requested sampleRate: 48000
[2026-Aug-17 20:00:12.127 +02:00][23012:21156][info ] KrispNCSetup: sampleRate = 48000, duration = 10
[2026-Aug-17 20:00:12.127 +02:00][23012:21156][warning] Unable to find model for requested sampleRate: 48000
[2026-Aug-17 20:00:12.139 +02:00][23012:21156][info ] KrispNCSetup: sampleRate = 48000, duration = 10
[2026-Aug-17 20:00:12.139 +02:00][23012:21156][warning] Unable to find model for requested sampleRate: 48000
[2026-Aug-17 20:00:12.149 +02:00][23012:21156][info ] KrispNCSetup: sampleRate = 48000, duration = 10
[2026-Aug-17 20:00:12.149 +02:00][23012:21156][warning] Unable to find model for requested sampleRate: 48000
[2026-Aug-17 20:00:12.155 +02:00][23012:21156][info ] KrispNCSetup: sampleRate = 48000, duration = 10
[2026-Aug-17 20:00:12.155 +02:00][23012:21156][warning] Unable to find model for requested sampleRate: 48000
[2026-Aug-17 20:00:12.167 +02:00][23012:21156][info ] KrispNCSetup: sampleRate = 48000, duration = 10
[2026-Aug-17 20:00:12.167 +02:00][23012:21156][warning] Unable to find model for requested sampleRate: 48000
[2026-Aug-17 20:00:12.178 +02:00][23012:21156][info ] KrispNCSetup: sampleRate = 48000, duration = 10
[2026-Aug-17 20:00:12.178 +02:00][23012:21156][warning] Unable to find model for requested sampleRate: 48000
[2026-Aug-17 20:00:12.190 +02:00][23012:21156][info ] KrispNCSetup: sampleRate = 48000, duration = 10
[2026-Aug-17 20:00:12.190 +02:00][23012:21156][warning] Unable to find model for requested sampleRate: 48000
[2026-Aug-17 20:00:12.196 +02:00][23012:21156][info ] KrispNCSetup: sampleRate = 48000, duration = 10
[2026-Aug-17 20:00:12.196 +02:00][23012:21156][warning] Unable to find model for requested sampleRate: 48000
[2026-Aug-17 20:00:12.209 +02:00][23012:21156][info ] KrispNCSetup: sampleRate = 48000, duration = 10
[2026-Aug-17 20:00:12.209 +02:00][23012:21156][warning] Unable to find model for requested sampleRate: 48000
[2026-Aug-17 20:00:12.215 +02:00][23012:21156][info ] KrispNCSetup: sampleRate = 48000, duration = 10
[2026-Aug-17 20:00:12.215 +02:00][23012:21156][warning] Unable to find model for requested sampleRate: 48000
[2026-Aug-17 20:00:12.227 +02:00][23012:21156][info ] KrispNCSetup: sampleRate = 48000, duration = 10
[2026-Aug-17 20:00:12.227 +02:00][23012:21156][warning] Unable to find model for requested sampleRate: 48000
[2026-Aug-17 20:00:12.240 +02:00][23012:21156][info ] KrispNCSetup: sampleRate = 48000, duration = 10
[2026-Aug-17 20:00:12.240 +02:00][23012:21156][warning] Unable to find model for requested sampleRate: 48000
[2026-Aug-17 20:00:12.247 +02:00][23012:21156][info ] KrispNCSetup: sampleRate = 48000, duration = 10
[2026-Aug-17 20:00:12.247 +02:00][23012:21156][warning] Unable to find model for requested sampleRate: 48000
[2026-Aug-17 20:00:12.253 +02:00][23012:21156][info ] KrispNCSetup: sampleRate = 48000, duration = 10
[2026-Aug-17 20:00:12.253 +02:00][23012:21156][warning] Unable to find model for requested sampleRate: 48000
[2026-Aug-17 20:00:12.269 +02:00][23012:21156][info ] KrispNCSetup: sampleRate = 48000, duration = 10
[2026-Aug-17 20:00:12.269 +02:00][23012:21156][warning] Unable to find model for requested sampleRate: 48000
[2026-Aug-17 20:00:12.275 +02:00][23012:21156][info ] KrispNCSetup: sampleRate = 48000, duration = 10
[2026-Aug-17 20:00:12.275 +02:00][23012:21156][warning] Unable to find model for requested sampleRate: 48000
[2026-Aug-17 20:00:12.285 +02:00][23012:21156][info ] KrispNCSetup: sampleRate = 48000, duration = 10
[2026-Aug-17 20:00:12.285 +02:00][23012:21156][warning] Unable to find model for requested sampleRate: 48000
[2026-Aug-17 20:00:12.297 +02:00][23012:21156][info ] KrispNCSetup: sampleRate = 48000, duration = 10
[2026-Aug-17 20:00:12.297 +02:00][23012:21156][warning] Unable to find model for requested sampleRate: 48000
[2026-Aug-17 20:00:12.308 +02:00][23012:21156][info ] KrispNCSetup: sampleRate = 48000, duration = 10
[2026-Aug-17 20:00:12.308 +02:00][23012:21156][warning] Unable to find model for requested sampleRate: 48000
[2026-Aug-17 20:00:12.317 +02:00][23012:21156][info ] KrispNCSetup: sampleRate = 48000, duration = 10
[2026-Aug-17 20:00:12.317 +02:00][23012:21156][warning] Unable to find model for requested sampleRate: 48000
[2026-Aug-17 20:00:12.329 +02:00][23012:21156][info ] KrispNCSetup: sampleRate = 48000, duration = 10
[2026-Aug-17 20:00:12.329 +02:00][23012:21156][warning] Unable to find model for requested sampleRate: 48000
[2026-Aug-17 20:00:12.336 +02:00][23012:21156][info ] KrispNCSetup: sampleRate = 48000, duration = 10
[2026-Aug-17 20:00:12.336 +02:00][23012:21156][warning] Unable to find model for requested sampleRate: 48000
[2026-Aug-17 20:00:12.348 +02:00][23012:21156][info ] KrispNCSetup: sampleRate = 48000, duration = 10
[2026-Aug-17 20:00:12.348 +02:00][23012:21156][warning] Unable to find model for requested sampleRate: 48000
[2026-Aug-17 20:00:12.359 +02:00][23012:21156][info ] KrispNCSetup: sampleRate = 48000, duration = 10
[2026-Aug-17 20:00:12.359 +02:00][23012:21156][warning] Unable to find model for requested sampleRate: 48000
[2026-Aug-17 20:00:12.369 +02:00][23012:21156][info ] KrispNCSetup: sampleRate = 48000, duration = 10
[2026-Aug-17 20:00:12.369 +02:00][23012:21156][warning] Unable to find model for requested sampleRate: 48000
[2026-Aug-17 20:00:12.375 +02:00][23012:21156][info ] KrispNCSetup: sampleRate = 48000, duration = 10
[2026-Aug-17 20:00:12.375 +02:00][23012:21156][warning] Unable to find model for requested sampleRate: 48000
[2026-Aug-17 20:00:12.387 +02:00][23012:21156][info ] KrispNCSetup: sampleRate = 48000, duration = 10
[2026-Aug-17 20:00:12.387 +02:00][23012:21156][warning] Unable to find model for requested sampleRate: 48000
[2026-Aug-17 20:00:12.399 +02:00][23012:21156][info ] KrispNCSetup: sampleRate = 48000, duration = 10
[2026-Aug-17 20:00:12.399 +02:00][23012:21156][warning] Unable to find model for requested sampleRate: 48000
[2026-Aug-17 20:00:12.405 +02:00][23012:21156][info ] KrispNCSetup: sampleRate = 48000, duration = 10
[2026-Aug-17 20:00:12.405 +02:00][23012:21156][warning] Unable to find model for requested sampleRate: 48000
[2026-Aug-17 20:00:12.415 +02:00][23012:21156][info ] KrispNCSetup: sampleRate = 48000, duration = 10
[2026-Aug-17 20:00:12.415 +02:00][23012:21156][warning] Unable to find model for requested sampleRate: 48000
[2026-Aug-17 20:00:12.425 +02:00][23012:21156][info ] KrispNCSetup: sampleRate = 48000, duration = 10
[2026-Aug-17 20:00:12.425 +02:00][23012:21156][warning] Unable to find model for requested sampleRate: 48000
[2026-Aug-17 20:00:12.435 +02:00][23012:21156][info ] KrispNCSetup: sampleRate = 48000, duration = 10
[2026-Aug-17 20:00:12.435 +02:00][23012:21156][warning] Unable to find model for requested sampleRate: 48000
[2026-Aug-17 20:00:12.446 +02:00][23012:21156][info ] KrispNCSetup: sampleRate = 48000, duration = 10
[2026-Aug-17 20:00:12.446 +02:00][23012:21156][warning] Unable to find model for requested sampleRate: 48000
[2026-Aug-17 20:00:12.457 +02:00][23012:21156][info ] KrispNCSetup: sampleRate = 48000, duration = 10
[2026-Aug-17 20:00:12.457 +02:00][23012:21156][warning] Unable to find model for requested sampleRate: 48000
[2026-Aug-17 20:00:12.469 +02:00][23012:21156][info ] KrispNCSetup: sampleRate = 48000, duration = 10
[2026-Aug-17 20:00:12.469 +02:00][23012:21156][warning] Unable to find model for requested sampleRate: 48000
[2026-Aug-17 20:00:12.480 +02:00][23012:21156][info ] KrispNCSetup: sampleRate = 48000, duration = 10
[2026-Aug-17 20:00:12.480 +02:00][23012:21156][warning] Unable to find model for requested sampleRate: 48000
[2026-Aug-17 20:00:12.486 +02:00][23012:21156][info ] KrispNCSetup: sampleRate = 48000, duration = 10
[2026-Aug-17 20:00:12.486 +02:00][23012:21156][warning] Unable to find model for requested sampleRate: 48000
[2026-Aug-17 20:00:12.499 +02:00][23012:21156][info ] KrispNCSetup: sampleRate = 48000, duration = 10
[2026-Aug-17 20:00:12.499 +02:00][23012:21156][warning] Unable to find model for requested sampleRate: 48000
[2026-Aug-17 20:00:12.509 +02:00][23012:21156][info ] KrispNCSetup: sampleRate = 48000, duration = 10
[2026-Aug-17 20:00:12.509 +02:00][23012:21156][warning] Unable to find model for requested sampleRate: 48000
[2026-Aug-17 20:00:12.519 +02:00][23012:21156][info ] KrispNCSetup: sampleRate = 48000, duration = 10
[2026-Aug-17 20:00:12.519 +02:00][23012:21156][warning] Unable to find model for requested sampleRate: 48000
[2026-Aug-17 20:00:12.525 +02:00][23012:21156][info ] KrispNCSetup: sampleRate = 48000, duration = 10
[2026-Aug-17 20:00:12.525 +02:00][23012:21156][warning] Unable to find model for requested sampleRate: 48000
[2026-Aug-17 20:00:12.536 +02:00][23012:21156][info ] KrispNCSetup: sampleRate = 48000, duration = 10
[2026-Aug-17 20:00:12.536 +02:00][23012:21156][warning] Unable to find model for requested sampleRate: 48000
[2026-Aug-17 20:00:12.547 +02:00][23012:21156][info ] KrispNCSetup: sampleRate = 48000, duration = 10
[2026-Aug-17 20:00:12.547 +02:00][23012:21156][warning] Unable to find model for requested sampleRate: 48000
[2026-Aug-17 20:00:12.558 +02:00][23012:21156][info ] KrispNCSetup: sampleRate = 48000, duration = 10
[2026-Aug-17 20:00:12.558 +02:00][23012:21156][warning] Unable to find model for requested sampleRate: 48000
[2026-Aug-17 20:00:12.569 +02:00][23012:21156][info ] KrispNCSetup: sampleRate = 48000, duration = 10
[2026-Aug-17 20:00:12.569 +02:00][23012:21156][warning] Unable to find model for requested sampleRate: 48000
[2026-Aug-17 20:00:12.575 +02:00][23012:21156][info ] KrispNCSetup: sampleRate = 48000, duration = 10
[2026-Aug-17 20:00:12.575 +02:00][23012:21156][warning] Unable to find model for requested sampleRate: 48000
[2026-Aug-17 20:00:12.585 +02:00][23012:21156][info ] KrispNCSetup: sampleRate = 48000, duration = 10
[2026-Aug-17 20:00:12.586 +02:00][23012:21156][warning] Unable to find model for requested sampleRate: 48000
[2026-Aug-17 20:00:12.597 +02:00][23012:21156][info ] KrispNCSetup: sampleRate = 48000, duration = 10
[2026-Aug-17 20:00:12.597 +02:00][23012:21156][warning] Unable to find model for requested sampleRate: 48000
[2026-Aug-17 20:00:12.607 +02:00][23012:21156][info ] KrispNCSetup: sampleRate = 48000, duration = 10
[2026-Aug-17 20:00:12.607 +02:00][23012:21156][warning] Unable to find model for requested sampleRate: 48000
[2026-Aug-17 20:00:12.613 +02:00][23012:21156][info ] KrispNCSetup: sampleRate = 48000, duration = 10
[2026-Aug-17 20:00:12.613 +02:00][23012:21156][warning] Unable to find model for requested sampleRate: 48000
[2026-Aug-17 20:00:12.625 +02:00][23012:21156][info ] KrispNCSetup: sampleRate = 48000, duration = 10
[2026-Aug-17 20:00:12.625 +02:00][23012:21156][warning] Unable to find model for requested sampleRate: 48000
[2026-Aug-17 20:00:12.637 +02:00][23012:21156][info ] KrispNCSetup: sampleRate = 48000, duration = 10
[2026-Aug-17 20:00:12.637 +02:00][23012:21156][warning] Unable to find model for requested sampleRate: 48000
[2026-Aug-17 20:00:12.648 +02:00][23012:21156][info ] KrispNCSetup: sampleRate = 48000, duration = 10
[2026-Aug-17 20:00:12.648 +02:00][23012:21156][warning] Unable to find model for requested sampleRate: 48000
[2026-Aug-17 20:00:12.659 +02:00][23012:21156][info ] KrispNCSetup: sampleRate = 48000, duration = 10
[2026-Aug-17 20:00:12.659 +02:00][23012:21156][warning] Unable to find model for requested sampleRate: 48000
[2026-Aug-17 20:00:12.665 +02:00][23012:21156][info ] KrispNCSetup: sampleRate = 48000, duration = 10
[2026-Aug-17 20:00:12.665 +02:00][23012:21156][warning] Unable to find model for requested sampleRate: 48000
[2026-Aug-17 20:00:12.678 +02:00][23012:21156][info ] KrispNCSetup: sampleRate = 48000, duration = 10
[2026-Aug-17 20:00:12.678 +02:00][23012:21156][warning] Unable to find model for requested sampleRate: 48000
[2026-Aug-17 20:00:12.689 +02:00][23012:21156][info ] KrispNCSetup: sampleRate = 48000, duration = 10
[2026-Aug-17 20:00:12.689 +02:00][23012:21156][warning] Unable to find model for requested sampleRate: 48000
[2026-Aug-17 20:00:12.699 +02:00][23012:21156][info ] KrispNCSetup: sampleRate = 48000, duration = 10
[2026-Aug-17 20:00:12.699 +02:00][23012:21156][warning] Unable to find model for requested sampleRate: 48000
[2026-Aug-17 20:00:12.705 +02:00][23012:21156][info ] KrispNCSetup: sampleRate = 48000, duration = 10
[2026-Aug-17 20:00:12.705 +02:00][23012:21156][warning] Unable to find model for requested sampleRate: 48000
[2026-Aug-17 20:00:12.717 +02:00][23012:21156][info ] KrispNCSetup: sampleRate = 48000, duration = 10
[2026-Aug-17 20:00:12.717 +02:00][23012:21156][warning] Unable to find model for requested sampleRate: 48000
[2026-Aug-17 20:00:12.730 +02:00][23012:21156][info ] KrispNCSetup: sampleRate = 48000, duration = 10
[2026-Aug-17 20:00:12.730 +02:00][23012:21156][warning] Unable to find model for requested sampleRate: 48000
[2026-Aug-17 20:00:12.735 +02:00][23012:21156][info ] KrispNCSetup: sampleRate = 48000, duration = 10
[2026-Aug-17 20:00:12.735 +02:00][23012:21156][warning] Unable to find model for requested sampleRate: 48000
[2026-Aug-17 20:00:12.748 +02:00][23012:21156][info ] KrispNCSetup: sampleRate = 48000, duration = 10
[2026-Aug-17 20:00:12.748 +02:00][23012:21156][warning] Unable to find model for requested sampleRate: 48000
[2026-Aug-17 20:00:12.759 +02:00][23012:21156][info ] KrispNCSetup: sampleRate = 48000, duration = 10
[2026-Aug-17 20:00:12.759 +02:00][23012:21156][warning] Unable to find model for requested sampleRate: 48000
[2026-Aug-17 20:00:12.765 +02:00][23012:21156][info ] KrispNCSetup: sampleRate = 48000, duration = 10
[2026-Aug-17 20:00:12.765 +02:00][23012:21156][warning] Unable to find model for requested sampleRate: 48000
[2026-Aug-17 20:00:12.775 +02:00][23012:21156][info ] KrispNCSetup: sampleRate = 48000, duration = 10
[2026-Aug-17 20:00:12.775 +02:00][23012:21156][warning] Unable to find model for requested sampleRate: 48000
[2026-Aug-17 20:00:12.785 +02:00][23012:21156][info ] KrispNCSetup: sampleRate = 48000, duration = 10
[2026-Aug-17 20:00:12.785 +02:00][23012:21156][warning] Unable to find model for requested sampleRate: 48000
[2026-Aug-17 20:00:12.795 +02:00][23012:21156][info ] KrispNCSetup: sampleRate = 48000, duration = 10
[2026-Aug-17 20:00:12.795 +02:00][23012:21156][warning] Unable to find model for requested sampleRate: 48000
[2026-Aug-17 20:00:12.807 +02:00][23012:21156][info ] KrispNCSetup: sampleRate = 48000, duration = 10
[2026-Aug-17 20:00:12.807 +02:00][23012:21156][warning] Unable to find model for requested sampleRate: 48000
[2026-Aug-17 20:00:12.820 +02:00][23012:21156][info ] KrispNCSetup: sampleRate = 48000, duration = 10
[2026-Aug-17 20:00:12.820 +02:00][23012:21156][warning] Unable to find model for requested sampleRate: 48000
[2026-Aug-17 20:00:12.826 +02:00][23012:21156][info ] KrispNCSetup: sampleRate = 48000, duration = 10
[2026-Aug-17 20:00:12.826 +02:00][23012:21156][warning] Unable to find model for requested sampleRate: 48000
[2026-Aug-17 20:00:12.837 +02:00][23012:21156][info ] KrispNCSetup: sampleRate = 48000, duration = 10
[2026-Aug-17 20:00:12.837 +02:00][23012:21156][warning] Unable to find model for requested sampleRate: 48000
[2026-Aug-17 20:00:12.848 +02:00][23012:21156][info ] KrispNCSetup: sampleRate = 48000, duration = 10
[2026-Aug-17 20:00:12.848 +02:00][23012:21156][warning] Unable to find model for requested sampleRate: 48000
[2026-Aug-17 20:00:12.858 +02:00][23012:21156][info ] KrispNCSetup: sampleRate = 48000, duration = 10
[2026-Aug-17 20:00:12.858 +02:00][23012:21156][warning] Unable to find model for requested sampleRate: 48000
[2026-Aug-17 20:00:12.869 +02:00][23012:21156][info ] KrispNCSetup: sampleRate = 48000, duration = 10
[2026-Aug-17 20:00:12.869 +02:00][23012:21156][warning] Unable to find model for requested sampleRate: 48000
[2026-Aug-17 20:00:12.879 +02:00][23012:21156][info ] KrispNCSetup: sampleRate = 48000, duration = 10
[2026-Aug-17 20:00:12.879 +02:00][23012:21156][warning] Unable to find model for requested sampleRate: 48000
[2026-Aug-17 20:00:12.890 +02:00][23012:21156][info ] KrispNCSetup: sampleRate = 48000, duration = 10
[2026-Aug-17 20:00:12.890 +02:00][23012:21156][warning] Unable to find model for requested sampleRate: 48000
[2026-Aug-17 20:00:12.895 +02:00][23012:21156][info ] KrispNCSetup: sampleRate = 48000, duration = 10
[2026-Aug-17 20:00:12.895 +02:00][23012:21156][warning] Unable to find model for requested sampleRate: 48000
[2026-Aug-17 20:00:12.907 +02:00][23012:21156][info ] KrispNCSetup: sampleRate = 48000, duration = 10
[2026-Aug-17 20:00:12.907 +02:00][23012:21156][warning] Unable to find model for requested sampleRate: 48000
[2026-Aug-17 20:00:12.917 +02:00][23012:21156][info ] KrispNCSetup: sampleRate = 48000, duration = 10
[2026-Aug-17 20:00:12.917 +02:00][23012:21156][warning] Unable to find model for requested sampleRate: 48000
[2026-Aug-17 20:00:12.929 +02:00][23012:21156][info ] KrispNCSetup: sampleRate = 48000, duration = 10
[2026-Aug-17 20:00:12.929 +02:00][23012:21156][warning] Unable to find model for requested sampleRate: 48000
[2026-Aug-17 20:00:12.939 +02:00][23012:21156][info ] KrispNCSetup: sampleRate = 48000, duration = 10
[2026-Aug-17 20:00:12.939 +02:00][23012:21156][warning] Unable to find model for requested sampleRate: 48000
[2026-Aug-17 20:00:12.949 +02:00][23012:21156][info ] KrispNCSetup: sampleRate = 48000, duration = 10
[2026-Aug-17 20:00:12.949 +02:00][23012:21156][warning] Unable to find model for requested sampleRate: 48000
[2026-Aug-17 20:00:12.955 +02:00][23012:21156][info ] KrispNCSetup: sampleRate = 48000, duration = 10
[2026-Aug-17 20:00:12.955 +02:00][23012:21156][warning] Unable to find model for requested sampleRate: 48000
[2026-Aug-17 20:00:12.967 +02:00][23012:21156][info ] KrispNCSetup: sampleRate = 48000, duration = 10
[2026-Aug-17 20:00:12.967 +02:00][23012:21156][warning] Unable to find model for requested sampleRate: 48000
[2026-Aug-17 20:00:12.979 +02:00][23012:21156][info ] KrispNCSetup: sampleRate = 48000, duration = 10
[2026-Aug-17 20:00:12.979 +02:00][23012:21156][warning] Unable to find model for requested sampleRate: 48000
[2026-Aug-17 20:00:12.985 +02:00][23012:21156][info ] KrispNCSetup: sampleRate = 48000, duration = 10
[2026-Aug-17 20:00:12.985 +02:00][23012:21156][warning] Unable to find model for requested sampleRate: 48000
[2026-Aug-17 20:00:12.995 +02:00][23012:21156][info ] KrispNCSetup: sampleRate = 48000, duration = 10
[2026-Aug-17 20:00:12.995 +02:00][23012:21156][warning] Unable to find model for requested sampleRate: 48000
[2026-Aug-17 20:00:13.005 +02:00][23012:21156][info ] KrispNCSetup: sampleRate = 48000, duration = 10
[2026-Aug-17 20:00:13.005 +02:00][23012:21156][warning] Unable to find model for requested sampleRate: 48000
[2026-Aug-17 20:00:13.017 +02:00][23012:21156][info ] KrispNCSetup: sampleRate = 48000, duration = 10
[2026-Aug-17 20:00:13.017 +02:00][23012:21156][warning] Unable to find model for requested sampleRate: 48000
[2026-Aug-17 20:00:13.027 +02:00][23012:21156][info ] KrispNCSetup: sampleRate = 48000, duration = 10
[2026-Aug-17 20:00:13.027 +02:00][23012:21156][warning] Unable to find model for requested sampleRate: 48000
[2026-Aug-17 20:00:13.037 +02:00][23012:21156][info ] KrispNCSetup: sampleRate = 48000, duration = 10
[2026-Aug-17 20:00:13.037 +02:00][23012:21156][warning] Unable to find model for requested sampleRate: 48000
[2026-Aug-17 20:00:13.047 +02:00][23012:21156][info ] KrispNCSetup: sampleRate = 48000, duration = 10
[2026-Aug-17 20:00:13.047 +02:00][23012:21156][warning] Unable to find model for requested sampleRate: 48000
[2026-Aug-17 20:00:13.058 +02:00][23012:21156][info ] KrispNCSetup: sampleRate = 48000, duration = 10
[2026-Aug-17 20:00:13.058 +02:00][23012:21156][warning] Unable to find model for requested sampleRate: 48000
[2026-Aug-17 20:00:13.069 +02:00][23012:21156][info ] KrispNCSetup: sampleRate = 48000, duration = 10
[2026-Aug-17 20:00:13.069 +02:00][23012:21156][warning] Unable to find model for requested sampleRate: 48000
[2026-Aug-17 20:00:13.075 +02:00][23012:21156][info ] KrispNCSetup: sampleRate = 48000, duration = 10
[2026-Aug-17 20:00:13.075 +02:00][23012:21156][warning] Unable to find model for requested sampleRate: 48000
[2026-Aug-17 20:00:13.087 +02:00][23012:21156][info ] KrispNCSetup: sampleRate = 48000, duration = 10
[2026-Aug-17 20:00:13.087 +02:00][23012:21156][warning] Unable to find model for requested sampleRate: 48000
[2026-Aug-17 20:00:13.094 +02:00][23012:21156][info ] KrispNCSetup: sampleRate = 48000, duration = 10
[2026-Aug-17 20:00:13.094 +02:00][23012:21156][warning] Unable to find model for requested sampleRate: 48000
[2026-Aug-17 20:00:13.105 +02:00][23012:21156][info ] KrispNCSetup: sampleRate = 48000, duration = 10
[2026-Aug-17 20:00:13.105 +02:00][23012:21156][warning] Unable to find model for requested sampleRate: 48000
[2026-Aug-17 20:00:13.115 +02:00][23012:21156][info ] KrispNCSetup: sampleRate = 48000, duration = 10
[2026-Aug-17 20:00:13.115 +02:00][23012:21156][warning] Unable to find model for requested sampleRate: 48000
[2026-Aug-17 20:00:13.125 +02:00][23012:21156][info ] KrispNCSetup: sampleRate = 48000, duration = 10
[2026-Aug-17 20:00:13.125 +02:00][23012:21156][warning] Unable to find model for requested sampleRate: 48000
[2026-Aug-17 20:00:13.138 +02:00][23012:21156][info ] KrispNCSetup: sampleRate = 48000, duration = 10
[2026-Aug-17 20:00:13.138 +02:00][23012:21156][warning] Unable to find model for requested sampleRate: 48000
[2026-Aug-17 20:00:13.147 +02:00][23012:21156][info ] KrispNCSetup: sampleRate = 48000, duration = 10
[2026-Aug-17 20:00:13.147 +02:00][23012:21156][warning] Unable to find model for requested sampleRate: 48000
[2026-Aug-17 20:00:13.159 +02:00][23012:21156][info ] KrispNCSetup: sampleRate = 48000, duration = 10
[2026-Aug-17 20:00:13.159 +02:00][23012:21156][warning] Unable to find model for requested sampleRate: 48000
[2026-Aug-17 20:00:13.169 +02:00][23012:21156][info ] KrispNCSetup: sampleRate = 48000, duration = 10
[2026-Aug-17 20:00:13.169 +02:00][23012:21156][warning] Unable to find model for requested sampleRate: 48000
[2026-Aug-17 20:00:13.179 +02:00][23012:21156][info ] KrispNCSetup: sampleRate = 48000, duration = 10
[2026-Aug-17 20:00:13.179 +02:00][23012:21156][warning] Unable to find model for requested sampleRate: 48000
[2026-Aug-17 20:00:13.190 +02:00][23012:21156][info ] KrispNCSetup: sampleRate = 48000, duration = 10
[2026-Aug-17 20:00:13.190 +02:00][23012:21156][warning] Unable to find model for requested sampleRate: 48000
[2026-Aug-17 20:00:13.196 +02:00][23012:21156][info ] KrispNCSetup: sampleRate = 48000, duration = 10
[2026-Aug-17 20:00:13.196 +02:00][23012:21156][warning] Unable to find model for requested sampleRate: 48000
[2026-Aug-17 20:00:13.208 +02:00][23012:21156][info ] KrispNCSetup: sampleRate = 48000, duration = 10
[2026-Aug-17 20:00:13.208 +02:00][23012:21156][warning] Unable to find model for requested sampleRate: 48000
[2026-Aug-17 20:00:13.219 +02:00][23012:21156][info ] KrispNCSetup: sampleRate = 48000, duration = 10
[2026-Aug-17 20:00:13.219 +02:00][23012:21156][warning] Unable to find model for requested sampleRate: 48000
[2026-Aug-17 20:00:13.228 +02:00][23012:21156][info ] KrispNCSetup: sampleRate = 48000, duration = 10
[2026-Aug-17 20:00:13.228 +02:00][23012:21156][warning] Unable to find model for requested sampleRate: 48000
[2026-Aug-17 20:00:13.235 +02:00][23012:21156][info ] KrispNCSetup: sampleRate = 48000, duration = 10
[2026-Aug-17 20:00:13.235 +02:00][23012:21156][warning] Unable to find model for requested sampleRate: 48000
[2026-Aug-17 20:00:13.246 +02:00][23012:21156][info ] KrispNCSetup: sampleRate = 48000, duration = 10
[2026-Aug-17 20:00:13.246 +02:00][23012:21156][warning] Unable to find model for requested sampleRate: 48000
[2026-Aug-17 20:00:13.258 +02:00][23012:21156][info ] KrispNCSetup: sampleRate = 48000, duration = 10
[2026-Aug-17 20:00:13.258 +02:00][23012:21156][warning] Unable to find model for requested sampleRate: 48000
[2026-Aug-17 20:00:13.269 +02:00][23012:21156][info ] KrispNCSetup: sampleRate = 48000, duration = 10
[2026-Aug-17 20:00:13.269 +02:00][23012:21156][warning] Unable to find model for requested sampleRate: 48000
[2026-Aug-17 20:00:13.279 +02:00][23012:21156][info ] KrispNCSetup: sampleRate = 48000, duration = 10
[2026-Aug-17 20:00:13.279 +02:00][23012:21156][warning] Unable to find model for requested sampleRate: 48000
[2026-Aug-17 20:00:13.290 +02:00][23012:21156][info ] KrispNCSetup: sampleRate = 48000, duration = 10
[2026-Aug-17 20:00:13.290 +02:00][23012:21156][warning] Unable to find model for requested sampleRate: 48000
[2026-Aug-17 20:00:13.297 +02:00][23012:21156][info ] KrispNCSetup: sampleRate = 48000, duration = 10
[2026-Aug-17 20:00:13.297 +02:00][23012:21156][warning] Unable to find model for requested sampleRate: 48000
[2026-Aug-17 20:00:13.307 +02:00][23012:21156][info ] KrispNCSetup: sampleRate = 48000, duration = 10
[2026-Aug-17 20:00:13.307 +02:00][23012:21156][warning] Unable to find model for requested sampleRate: 48000
[2026-Aug-17 20:00:13.313 +02:00][23012:21156][info ] KrispNCSetup: sampleRate = 48000, duration = 10
[2026-Aug-17 20:00:13.313 +02:00][23012:21156][warning] Unable to find model for requested sampleRate: 48000
[2026-Aug-17 20:00:13.329 +02:00][23012:21156][info ] KrispNCSetup: sampleRate = 48000, duration = 10
[2026-Aug-17 20:00:13.329 +02:00][23012:21156][warning] Unable to find model for requested sampleRate: 48000
[2026-Aug-17 20:00:13.335 +02:00][23012:21156][info ] KrispNCSetup: sampleRate = 48000, duration = 10
[2026-Aug-17 20:00:13.335 +02:00][23012:21156][warning] Unable to find model for requested sampleRate: 48000
[2026-Aug-17 20:00:13.347 +02:00][23012:21156][info ] KrispNCSetup: sampleRate = 48000, duration = 10
[2026-Aug-17 20:00:13.347 +02:00][23012:21156][warning] Unable to find model for requested sampleRate: 48000
[2026-Aug-17 20:00:13.354 +02:00][23012:21156][info ] KrispNCSetup: sampleRate = 48000, duration = 10
[2026-Aug-17 20:00:13.354 +02:00][23012:21156][warning] Unable to find model for requested sampleRate: 48000
[2026-Aug-17 20:00:13.366 +02:00][23012:21156][info ] KrispNCSetup: sampleRate = 48000, duration = 10
[2026-Aug-17 20:00:13.366 +02:00][23012:21156][warning] Unable to find model for requested sampleRate: 48000
[2026-Aug-17 20:00:13.377 +02:00][23012:21156][info ] KrispNCSetup: sampleRate = 48000, duration = 10
[2026-Aug-17 20:00:13.377 +02:00][23012:21156][warning] Unable to find model for requested sampleRate: 48000
[2026-Aug-17 20:00:13.390 +02:00][23012:21156][info ] KrispNCSetup: sampleRate = 48000, duration = 10
[2026-Aug-17 20:00:13.390 +02:00][23012:21156][warning] Unable to find model for requested sampleRate: 48000
[2026-Aug-17 20:00:13.398 +02:00][23012:21156][info ] KrispNCSetup: sampleRate = 48000, duration = 10
[2026-Aug-17 20:00:13.398 +02:00][23012:21156][warning] Unable to find model for requested sampleRate: 48000
[2026-Aug-17 20:00:13.404 +02:00][23012:21156][info ] KrispNCSetup: sampleRate = 48000, duration = 10
[2026-Aug-17 20:00:13.404 +02:00][23012:21156][warning] Unable to find model for requested sampleRate: 48000
[2026-Aug-17 20:00:13.416 +02:00][23012:21156][info ] KrispNCSetup: sampleRate = 48000, duration = 10
[2026-Aug-17 20:00:13.416 +02:00][23012:21156][warning] Unable to find model for requested sampleRate: 48000
[2026-Aug-17 20:00:13.427 +02:00][23012:21156][info ] KrispNCSetup: sampleRate = 48000, duration = 10
[2026-Aug-17 20:00:13.427 +02:00][23012:21156][warning] Unable to find model for requested sampleRate: 48000
[2026-Aug-17 20:00:13.436 +02:00][23012:21156][info ] KrispNCSetup: sampleRate = 48000, duration = 10
[2026-Aug-17 20:00:13.436 +02:00][23012:21156][warning] Unable to find model for requested sampleRate: 48000
[2026-Aug-17 20:00:13.446 +02:00][23012:21156][info ] KrispNCSetup: sampleRate = 48000, duration = 10
[2026-Aug-17 20:00:13.446 +02:00][23012:21156][warning] Unable to find model for requested sampleRate: 48000
[2026-Aug-17 20:00:13.458 +02:00][23012:21156][info ] KrispNCSetup: sampleRate = 48000, duration = 10
[2026-Aug-17 20:00:13.458 +02:00][23012:21156][warning] Unable to find model for requested sampleRate: 48000
[2026-Aug-17 20:00:13.469 +02:00][23012:21156][info ] KrispNCSetup: sampleRate = 48000, duration = 10
[2026-Aug-17 20:00:13.469 +02:00][23012:21156][warning] Unable to find model for requested sampleRate: 48000
[2026-Aug-17 20:00:13.475 +02:00][23012:21156][info ] KrispNCSetup: sampleRate = 48000, duration = 10
[2026-Aug-17 20:00:13.475 +02:00][23012:21156][warning] Unable to find model for requested sampleRate: 48000
[2026-Aug-17 20:00:13.488 +02:00][23012:21156][info ] KrispNCSetup: sampleRate = 48000, duration = 10
[2026-Aug-17 20:00:13.488 +02:00][23012:21156][warning] Unable to find model for requested sampleRate: 48000
[2026-Aug-17 20:00:13.499 +02:00][23012:21156][info ] KrispNCSetup: sampleRate = 48000, duration = 10
[2026-Aug-17 20:00:13.499 +02:00][23012:21156][warning] Unable to find model for requested sampleRate: 48000
[2026-Aug-17 20:00:13.510 +02:00][23012:21156][info ] KrispNCSetup: sampleRate = 48000, duration = 10
[2026-Aug-17 20:00:13.510 +02:00][23012:21156][warning] Unable to find model for requested sampleRate: 48000
[2026-Aug-17 20:00:13.515 +02:00][23012:21156][info ] KrispNCSetup: sampleRate = 48000, duration = 10
[2026-Aug-17 20:00:13.515 +02:00][23012:21156][warning] Unable to find model for requested sampleRate: 48000
[2026-Aug-17 20:00:13.532 +02:00][23012:21156][info ] KrispNCSetup: sampleRate = 48000, duration = 10
[2026-Aug-17 20:00:13.532 +02:00][23012:21156][warning] Unable to find model for requested sampleRate: 48000
[2026-Aug-17 20:00:13.537 +02:00][23012:21156][info ] KrispNCSetup: sampleRate = 48000, duration = 10
[2026-Aug-17 20:00:13.537 +02:00][23012:21156][warning] Unable to find model for requested sampleRate: 48000
[2026-Aug-17 20:00:13.543 +02:00][23012:21156][info ] KrispNCSetup: sampleRate = 48000, duration = 10
[2026-Aug-17 20:00:13.543 +02:00][23012:21156][warning] Unable to find model for requested sampleRate: 48000
[2026-Aug-17 20:00:13.557 +02:00][23012:21156][info ] KrispNCSetup: sampleRate = 48000, duration = 10
[2026-Aug-17 20:00:13.557 +02:00][23012:21156][warning] Unable to find model for requested sampleRate: 48000
[2026-Aug-17 20:00:13.569 +02:00][23012:21156][info ] KrispNCSetup: sampleRate = 48000, duration = 10
[2026-Aug-17 20:00:13.569 +02:00][23012:21156][warning] Unable to find model for requested sampleRate: 48000
[2026-Aug-17 20:00:13.575 +02:00][23012:21156][info ] KrispNCSetup: sampleRate = 48000, duration = 10
[2026-Aug-17 20:00:13.575 +02:00][23012:21156][warning] Unable to find model for requested sampleRate: 48000
[2026-Aug-17 20:00:13.587 +02:00][23012:21156][info ] KrispNCSetup: sampleRate = 48000, duration = 10
[2026-Aug-17 20:00:13.587 +02:00][23012:21156][warning] Unable to find model for requested sampleRate: 48000
[2026-Aug-17 20:00:13.600 +02:00][23012:21156][info ] KrispNCSetup: sampleRate = 48000, duration = 10
[2026-Aug-17 20:00:13.600 +02:00][23012:21156][warning] Unable to find model for requested sampleRate: 48000
[2026-Aug-17 20:00:13.607 +02:00][23012:21156][info ] KrispNCSetup: sampleRate = 48000, duration = 10
[2026-Aug-17 20:00:13.607 +02:00][23012:21156][warning] Unable to find model for requested sampleRate: 48000
[2026-Aug-17 20:00:13.620 +02:00][23012:21156][info ] KrispNCSetup: sampleRate = 48000, duration = 10
[2026-Aug-17 20:00:13.620 +02:00][23012:21156][warning] Unable to find model for requested sampleRate: 48000
[2026-Aug-17 20:00:13.631 +02:00][23012:21156][info ] KrispNCSetup: sampleRate = 48000, duration = 10
[2026-Aug-17 20:00:13.631 +02:00][23012:21156][warning] Unable to find model for requested sampleRate: 48000
[2026-Aug-17 20:00:13.638 +02:00][23012:21156][info ] KrispNCSetup: sampleRate = 48000, duration = 10
[2026-Aug-17 20:00:13.638 +02:00][23012:21156][warning] Unable to find model for requested sampleRate: 48000
[2026-Aug-17 20:00:13.650 +02:00][23012:21156][info ] KrispNCSetup: sampleRate = 48000, duration = 10
[2026-Aug-17 20:00:13.650 +02:00][23012:21156][warning] Unable to find model for requested sampleRate: 48000
[2026-Aug-17 20:00:13.659 +02:00][23012:21156][info ] KrispNCSetup: sampleRate = 48000, duration = 10
[2026-Aug-17 20:00:13.659 +02:00][23012:21156][warning] Unable to find model for requested sampleRate: 48000
[2026-Aug-17 20:00:13.665 +02:00][23012:21156][info ] KrispNCSetup: sampleRate = 48000, duration = 10
[2026-Aug-17 20:00:13.665 +02:00][23012:21156][warning] Unable to find model for requested sampleRate: 48000
[2026-Aug-17 20:00:13.677 +02:00][23012:21156][info ] KrispNCSetup: sampleRate = 48000, duration = 10
[2026-Aug-17 20:00:13.677 +02:00][23012:21156][warning] Unable to find model for requested sampleRate: 48000
[2026-Aug-17 20:00:13.690 +02:00][23012:21156][info ] KrispNCSetup: sampleRate = 48000, duration = 10
[2026-Aug-17 20:00:13.690 +02:00][23012:21156][warning] Unable to find model for requested sampleRate: 48000
[2026-Aug-17 20:00:13.696 +02:00][23012:21156][info ] KrispNCSetup: sampleRate = 48000, duration = 10
[2026-Aug-17 20:00:13.696 +02:00][23012:21156][warning] Unable to find model for requested sampleRate: 48000
[2026-Aug-17 20:00:13.709 +02:00][23012:21156][info ] KrispNCSetup: sampleRate = 48000, duration = 10
[2026-Aug-17 20:00:13.709 +02:00][23012:21156][warning] Unable to find model for requested sampleRate: 48000
[2026-Aug-17 20:00:13.714 +02:00][23012:21156][info ] KrispNCSetup: sampleRate = 48000, duration = 10
[2026-Aug-17 20:00:13.714 +02:00][23012:21156][warning] Unable to find model for requested sampleRate: 48000
[2026-Aug-17 20:00:13.725 +02:00][23012:21156][info ] KrispNCSetup: sampleRate = 48000, duration = 10
[2026-Aug-17 20:00:13.725 +02:00][23012:21156][warning] Unable to find model for requested sampleRate: 48000
[2026-Aug-17 20:00:13.738 +02:00][23012:21156][info ] KrispNCSetup: sampleRate = 48000, duration = 10
[2026-Aug-17 20:00:13.738 +02:00][23012:21156][warning] Unable to find model for requested sampleRate: 48000
[2026-Aug-17 20:00:13.749 +02:00][23012:21156][info ] KrispNCSetup: sampleRate = 48000, duration = 10
[2026-Aug-17 20:00:13.749 +02:00][23012:21156][warning] Unable to find model for requested sampleRate: 48000
[2026-Aug-17 20:00:13.755 +02:00][23012:21156][info ] KrispNCSetup: sampleRate = 48000, duration = 10
[2026-Aug-17 20:00:13.755 +02:00][23012:21156][warning] Unable to find model for requested sampleRate: 48000
[2026-Aug-17 20:00:13.765 +02:00][23012:21156][info ] KrispNCSetup: sampleRate = 48000, duration = 10
[2026-Aug-17 20:00:13.765 +02:00][23012:21156][warning] Unable to find model for requested sampleRate: 48000
[2026-Aug-17 20:00:13.777 +02:00][23012:21156][info ] KrispNCSetup: sampleRate = 48000, duration = 10
[2026-Aug-17 20:00:13.777 +02:00][23012:21156][warning] Unable to find model for requested sampleRate: 48000
[2026-Aug-17 20:00:13.790 +02:00][23012:21156][info ] KrispNCSetup: sampleRate = 48000, duration = 10
[2026-Aug-17 20:00:13.790 +02:00][23012:21156][warning] Unable to find model for requested sampleRate: 48000
[2026-Aug-17 20:00:13.795 +02:00][23012:21156][info ] KrispNCSetup: sampleRate = 48000, duration = 10
[2026-Aug-17 20:00:13.795 +02:00][23012:21156][warning] Unable to find model for requested sampleRate: 48000
[2026-Aug-17 20:00:13.805 +02:00][23012:21156][info ] KrispNCSetup: sampleRate = 48000, duration = 10
[2026-Aug-17 20:00:13.805 +02:00][23012:21156][warning] Unable to find model for requested sampleRate: 48000
[2026-Aug-17 20:00:13.816 +02:00][23012:21156][info ] KrispNCSetup: sampleRate = 48000, duration = 10
[2026-Aug-17 20:00:13.816 +02:00][23012:21156][warning] Unable to find model for requested sampleRate: 48000
[2026-Aug-17 20:00:13.829 +02:00][23012:21156][info ] KrispNCSetup: sampleRate = 48000, duration = 10
[2026-Aug-17 20:00:13.829 +02:00][23012:21156][warning] Unable to find model for requested sampleRate: 48000
[2026-Aug-17 20:00:13.839 +02:00][23012:21156][info ] KrispNCSetup: sampleRate = 48000, duration = 10
[2026-Aug-17 20:00:13.839 +02:00][23012:21156][warning] Unable to find model for requested sampleRate: 48000
[2026-Aug-17 20:00:13.849 +02:00][23012:21156][info ] KrispNCSetup: sampleRate = 48000, duration = 10
[2026-Aug-17 20:00:13.849 +02:00][23012:21156][warning] Unable to find model for requested sampleRate: 48000
[2026-Aug-17 20:00:13.855 +02:00][23012:21156][info ] KrispNCSetup: sampleRate = 48000, duration = 10
[2026-Aug-17 20:00:13.855 +02:00][23012:21156][warning] Unable to find model for requested sampleRate: 48000
[2026-Aug-17 20:00:13.868 +02:00][23012:21156][info ] KrispNCSetup: sampleRate = 48000, duration = 10
[2026-Aug-17 20:00:13.868 +02:00][23012:21156][warning] Unable to find model for requested sampleRate: 48000
[2026-Aug-17 20:00:13.879 +02:00][23012:21156][info ] KrispNCSetup: sampleRate = 48000, duration = 10
[2026-Aug-17 20:00:13.879 +02:00][23012:21156][warning] Unable to find model for requested sampleRate: 48000
[2026-Aug-17 20:00:13.889 +02:00][23012:21156][info ] KrispNCSetup: sampleRate = 48000, duration = 10
[2026-Aug-17 20:00:13.889 +02:00][23012:21156][warning] Unable to find model for requested sampleRate: 48000
[2026-Aug-17 20:00:13.899 +02:00][23012:21156][info ] KrispNCSetup: sampleRate = 48000, duration = 10
[2026-Aug-17 20:00:13.899 +02:00][23012:21156][warning] Unable to find model for requested sampleRate: 48000
[2026-Aug-17 20:00:13.905 +02:00][23012:21156][info ] KrispNCSetup: sampleRate = 48000, duration = 10
[2026-Aug-17 20:00:13.905 +02:00][23012:21156][warning] Unable to find model for requested sampleRate: 48000
[2026-Aug-17 20:00:13.915 +02:00][23012:21156][info ] KrispNCSetup: sampleRate = 48000, duration = 10
[2026-Aug-17 20:00:13.915 +02:00][23012:21156][warning] Unable to find model for requested sampleRate: 48000
[2026-Aug-17 20:00:13.929 +02:00][23012:21156][info ] KrispNCSetup: sampleRate = 48000, duration = 10
[2026-Aug-17 20:00:13.929 +02:00][23012:21156][warning] Unable to find model for requested sampleRate: 48000
[2026-Aug-17 20:00:13.935 +02:00][23012:21156][info ] KrispNCSetup: sampleRate = 48000, duration = 10
[2026-Aug-17 20:00:13.935 +02:00][23012:21156][warning] Unable to find model for requested sampleRate: 48000
[2026-Aug-17 20:00:13.945 +02:00][23012:21156][info ] KrispNCSetup: sampleRate = 48000, duration = 10
[2026-Aug-17 20:00:13.945 +02:00][23012:21156][warning] Unable to find model for requested sampleRate: 48000
[2026-Aug-17 20:00:13.955 +02:00][23012:21156][info ] KrispNCSetup: sampleRate = 48000, duration = 10
[2026-Aug-17 20:00:13.955 +02:00][23012:21156][warning] Unable to find model for requested sampleRate: 48000
[2026-Aug-17 20:00:13.965 +02:00][23012:21156][info ] KrispNCSetup: sampleRate = 48000, duration = 10
[2026-Aug-17 20:00:13.965 +02:00][23012:21156][warning] Unable to find model for requested sampleRate: 48000
[2026-Aug-17 20:00:13.977 +02:00][23012:21156][info ] KrispNCSetup: sampleRate = 48000, duration = 10
[2026-Aug-17 20:00:13.977 +02:00][23012:21156][warning] Unable to find model for requested sampleRate: 48000
[2026-Aug-17 20:00:13.990 +02:00][23012:21156][info ] KrispNCSetup: sampleRate = 48000, duration = 10
[2026-Aug-17 20:00:13.990 +02:00][23012:21156][warning] Unable to find model for requested sampleRate: 48000
[2026-Aug-17 20:00:13.995 +02:00][23012:21156][info ] KrispNCSetup: sampleRate = 48000, duration = 10
[2026-Aug-17 20:00:13.995 +02:00][23012:21156][warning] Unable to find model for requested sampleRate: 48000
[2026-Aug-17 20:00:14.006 +02:00][23012:21156][info ] KrispNCSetup: sampleRate = 48000, duration = 10
[2026-Aug-17 20:00:14.006 +02:00][23012:21156][warning] Unable to find model for requested sampleRate: 48000
[2026-Aug-17 20:00:14.018 +02:00][23012:21156][info ] KrispNCSetup: sampleRate = 48000, duration = 10
[2026-Aug-17 20:00:14.018 +02:00][23012:21156][warning] Unable to find model for requested sampleRate: 48000
[2026-Aug-17 20:00:14.030 +02:00][23012:21156][info ] KrispNCSetup: sampleRate = 48000, duration = 10
[2026-Aug-17 20:00:14.030 +02:00][23012:21156][warning] Unable to find model for requested sampleRate: 48000
[2026-Aug-17 20:00:14.036 +02:00][23012:21156][info ] KrispNCSetup: sampleRate = 48000, duration = 10
[2026-Aug-17 20:00:14.036 +02:00][23012:21156][warning] Unable to find model for requested sampleRate: 48000
[2026-Aug-17 20:00:14.047 +02:00][23012:21156][info ] KrispNCSetup: sampleRate = 48000, duration = 10
[2026-Aug-17 20:00:14.047 +02:00][23012:21156][warning] Unable to find model for requested sampleRate: 48000
[2026-Aug-17 20:00:14.059 +02:00][23012:21156][info ] KrispNCSetup: sampleRate = 48000, duration = 10
[2026-Aug-17 20:00:14.059 +02:00][23012:21156][warning] Unable to find model for requested sampleRate: 48000
[2026-Aug-17 20:00:14.065 +02:00][23012:21156][info ] KrispNCSetup: sampleRate = 48000, duration = 10
[2026-Aug-17 20:00:14.065 +02:00][23012:21156][warning] Unable to find model for requested sampleRate: 48000
[2026-Aug-17 20:00:14.075 +02:00][23012:21156][info ] KrispNCSetup: sampleRate = 48000, duration = 10
[2026-Aug-17 20:00:14.075 +02:00][23012:21156][warning] Unable to find model for requested sampleRate: 48000
[2026-Aug-17 20:00:14.087 +02:00][23012:21156][info ] KrispNCSetup: sampleRate = 48000, duration = 10
[2026-Aug-17 20:00:14.087 +02:00][23012:21156][warning] Unable to find model for requested sampleRate: 48000
[2026-Aug-17 20:00:14.097 +02:00][23012:21156][info ] KrispNCSetup: sampleRate = 48000, duration = 10
[2026-Aug-17 20:00:14.097 +02:00][23012:21156][warning] Unable to find model for requested sampleRate: 48000
[2026-Aug-17 20:00:14.109 +02:00][23012:21156][info ] KrispNCSetup: sampleRate = 48000, duration = 10
[2026-Aug-17 20:00:14.109 +02:00][23012:21156][warning] Unable to find model for requested sampleRate: 48000
[2026-Aug-17 20:00:14.119 +02:00][23012:21156][info ] KrispNCSetup: sampleRate = 48000, duration = 10
[2026-Aug-17 20:00:14.119 +02:00][23012:21156][warning] Unable to find model for requested sampleRate: 48000
[2026-Aug-17 20:00:14.125 +02:00][23012:21156][info ] KrispNCSetup: sampleRate = 48000, duration = 10
[2026-Aug-17 20:00:14.125 +02:00][23012:21156][warning] Unable to find model for requested sampleRate: 48000
[2026-Aug-17 20:00:14.137 +02:00][23012:21156][info ] KrispNCSetup: sampleRate = 48000, duration = 10
[2026-Aug-17 20:00:14.137 +02:00][23012:21156][warning] Unable to find model for requested sampleRate: 48000
[2026-Aug-17 20:00:14.147 +02:00][23012:21156][info ] KrispNCSetup: sampleRate = 48000, duration = 10
[2026-Aug-17 20:00:14.147 +02:00][23012:21156][warning] Unable to find model for requested sampleRate: 48000
[2026-Aug-17 20:00:14.159 +02:00][23012:21156][info ] KrispNCSetup: sampleRate = 48000, duration = 10
[2026-Aug-17 20:00:14.159 +02:00][23012:21156][warning] Unable to find model for requested sampleRate: 48000
[2026-Aug-17 20:00:14.165 +02:00][23012:21156][info ] KrispNCSetup: sampleRate = 48000, duration = 10
[2026-Aug-17 20:00:14.165 +02:00][23012:21156][warning] Unable to find model for requested sampleRate: 48000
[2026-Aug-17 20:00:14.177 +02:00][23012:21156][info ] KrispNCSetup: sampleRate = 48000, duration = 10
[2026-Aug-17 20:00:14.177 +02:00][23012:21156][warning] Unable to find model for requested sampleRate: 48000
[2026-Aug-17 20:00:14.187 +02:00][23012:21156][info ] KrispNCSetup: sampleRate = 48000, duration = 10
[2026-Aug-17 20:00:14.187 +02:00][23012:21156][warning] Unable to find model for requested sampleRate: 48000
[2026-Aug-17 20:00:14.199 +02:00][23012:21156][info ] KrispNCSetup: sampleRate = 48000, duration = 10
[2026-Aug-17 20:00:14.199 +02:00][23012:21156][warning] Unable to find model for requested sampleRate: 48000
[2026-Aug-17 20:00:14.205 +02:00][23012:21156][info ] KrispNCSetup: sampleRate = 48000, duration = 10
[2026-Aug-17 20:00:14.205 +02:00][23012:21156][warning] Unable to find model for requested sampleRate: 48000
[2026-Aug-17 20:00:14.215 +02:00][23012:21156][info ] KrispNCSetup: sampleRate = 48000, duration = 10
[2026-Aug-17 20:00:14.215 +02:00][23012:21156][warning] Unable to find model for requested sampleRate: 48000
[2026-Aug-17 20:00:14.227 +02:00][23012:21156][info ] KrispNCSetup: sampleRate = 48000, duration = 10
[2026-Aug-17 20:00:14.227 +02:00][23012:21156][warning] Unable to find model for requested sampleRate: 48000
[2026-Aug-17 20:00:14.239 +02:00][23012:21156][info ] KrispNCSetup: sampleRate = 48000, duration = 10
[2026-Aug-17 20:00:14.239 +02:00][23012:21156][warning] Unable to find model for requested sampleRate: 48000
[2026-Aug-17 20:00:14.243 +02:00][23012:21156][info ] KrispNCSetup: sampleRate = 48000, duration = 10
[2026-Aug-17 20:00:14.243 +02:00][23012:21156][warning] Unable to find model for requested sampleRate: 48000
[2026-Aug-17 20:00:14.255 +02:00][23012:21156][info ] KrispNCSetup: sampleRate = 48000, duration = 10
[2026-Aug-17 20:00:14.255 +02:00][23012:21156][warning] Unable to find model for requested sampleRate: 48000
[2026-Aug-17 20:00:14.267 +02:00][23012:21156][info ] KrispNCSetup: sampleRate = 48000, duration = 10
[2026-Aug-17 20:00:14.267 +02:00][23012:21156][warning] Unable to find model for requested sampleRate: 48000
[2026-Aug-17 20:00:14.279 +02:00][23012:21156][info ] KrispNCSetup: sampleRate = 48000, duration = 10
[2026-Aug-17 20:00:14.279 +02:00][23012:21156][warning] Unable to find model for requested sampleRate: 48000
[2026-Aug-17 20:00:14.285 +02:00][23012:21156][info ] KrispNCSetup: sampleRate = 48000, duration = 10
[2026-Aug-17 20:00:14.285 +02:00][23012:21156][warning] Unable to find model for requested sampleRate: 48000
[2026-Aug-17 20:00:14.295 +02:00][23012:21156][info ] KrispNCSetup: sampleRate = 48000, duration = 10
[2026-Aug-17 20:00:14.295 +02:00][23012:21156][warning] Unable to find model for requested sampleRate: 48000
[2026-Aug-17 20:00:14.307 +02:00][23012:21156][info ] KrispNCSetup: sampleRate = 48000, duration = 10
[2026-Aug-17 20:00:14.307 +02:00][23012:21156][warning] Unable to find model for requested sampleRate: 48000
[2026-Aug-17 20:00:14.319 +02:00][23012:21156][info ] KrispNCSetup: sampleRate = 48000, duration = 10
[2026-Aug-17 20:00:14.319 +02:00][23012:21156][warning] Unable to find model for requested sampleRate: 48000
[2026-Aug-17 20:00:14.329 +02:00][23012:21156][info ] KrispNCSetup: sampleRate = 48000, duration = 10
[2026-Aug-17 20:00:14.329 +02:00][23012:21156][warning] Unable to find model for requested sampleRate: 48000
[2026-Aug-17 20:00:14.335 +02:00][23012:21156][info ] KrispNCSetup: sampleRate = 48000, duration = 10
[2026-Aug-17 20:00:14.335 +02:00][23012:21156][warning] Unable to find model for requested sampleRate: 48000
[2026-Aug-17 20:00:14.347 +02:00][23012:21156][info ] KrispNCSetup: sampleRate = 48000, duration = 10
[2026-Aug-17 20:00:14.347 +02:00][23012:21156][warning] Unable to find model for requested sampleRate: 48000
[2026-Aug-17 20:00:14.359 +02:00][23012:21156][info ] KrispNCSetup: sampleRate = 48000, duration = 10
[2026-Aug-17 20:00:14.359 +02:00][23012:21156][warning] Unable to find model for requested sampleRate: 48000
[2026-Aug-17 20:00:14.365 +02:00][23012:21156][info ] KrispNCSetup: sampleRate = 48000, duration = 10
[2026-Aug-17 20:00:14.365 +02:00][23012:21156][warning] Unable to find model for requested sampleRate: 48000
[2026-Aug-17 20:00:14.377 +02:00][23012:21156][info ] KrispNCSetup: sampleRate = 48000, duration = 10
[2026-Aug-17 20:00:14.377 +02:00][23012:21156][warning] Unable to find model for requested sampleRate: 48000
[2026-Aug-17 20:00:14.389 +02:00][23012:21156][info ] KrispNCSetup: sampleRate = 48000, duration = 10
[2026-Aug-17 20:00:14.389 +02:00][23012:21156][warning] Unable to find model for requested sampleRate: 48000
[2026-Aug-17 20:00:14.395 +02:00][23012:21156][info ] KrispNCSetup: sampleRate = 48000, duration = 10
[2026-Aug-17 20:00:14.395 +02:00][23012:21156][warning] Unable to find model for requested sampleRate: 48000
[2026-Aug-17 20:00:14.407 +02:00][23012:21156][info ] KrispNCSetup: sampleRate = 48000, duration = 10
[2026-Aug-17 20:00:14.407 +02:00][23012:21156][warning] Unable to find model for requested sampleRate: 48000
[2026-Aug-17 20:00:14.419 +02:00][23012:21156][info ] KrispNCSetup: sampleRate = 48000, duration = 10
[2026-Aug-17 20:00:14.419 +02:00][23012:21156][warning] Unable to find model for requested sampleRate: 48000
[2026-Aug-17 20:00:14.425 +02:00][23012:21156][info ] KrispNCSetup: sampleRate = 48000, duration = 10
[2026-Aug-17 20:00:14.425 +02:00][23012:21156][warning] Unable to find model for requested sampleRate: 48000
[2026-Aug-17 20:00:14.437 +02:00][23012:21156][info ] KrispNCSetup: sampleRate = 48000, duration = 10
[2026-Aug-17 20:00:14.437 +02:00][23012:21156][warning] Unable to find model for requested sampleRate: 48000
[2026-Aug-17 20:00:14.449 +02:00][23012:21156][info ] KrispNCSetup: sampleRate = 48000, duration = 10
[2026-Aug-17 20:00:14.449 +02:00][23012:21156][warning] Unable to find model for requested sampleRate: 48000
[2026-Aug-17 20:00:14.455 +02:00][23012:21156][info ] KrispNCSetup: sampleRate = 48000, duration = 10
[2026-Aug-17 20:00:14.455 +02:00][23012:21156][warning] Unable to find model for requested sampleRate: 48000
[2026-Aug-17 20:00:14.465 +02:00][23012:21156][info ] KrispNCSetup: sampleRate = 48000, duration = 10
[2026-Aug-17 20:00:14.465 +02:00][23012:21156][warning] Unable to find model for requested sampleRate: 48000
[2026-Aug-17 20:00:14.477 +02:00][23012:21156][info ] KrispNCSetup: sampleRate = 48000, duration = 10
[2026-Aug-17 20:00:14.477 +02:00][23012:21156][warning] Unable to find model for requested sampleRate: 48000
[2026-Aug-17 20:00:14.489 +02:00][23012:21156][info ] KrispNCSetup: sampleRate = 48000, duration = 10
[2026-Aug-17 20:00:14.489 +02:00][23012:21156][warning] Unable to find model for requested sampleRate: 48000
[2026-Aug-17 20:00:14.495 +02:00][23012:21156][info ] KrispNCSetup: sampleRate = 48000, duration = 10
[2026-Aug-17 20:00:14.495 +02:00][23012:21156][warning] Unable to find model for requested sampleRate: 48000
[2026-Aug-17 20:00:14.505 +02:00][23012:21156][info ] KrispNCSetup: sampleRate = 48000, duration = 10
[2026-Aug-17 20:00:14.505 +02:00][23012:21156][warning] Unable to find model for requested sampleRate: 48000
[2026-Aug-17 22:13:05.319 +02:00][23012:18280][info ] Logging initialized
[2026-Aug-17 22:13:05.319 +02:00][23012:18280][info ] Initializing krisp SDK...
[2026-Aug-17 22:13:05.319 +02:00][23012:18280][warning] Failed to setup Krisp module, error code: -3
[2026-Aug-17 22:13:05.319 +02:00][23012:18280][info ] Krisp SDK initialized
[2026-Aug-17 22:20:15.156 +02:00][23012:18280][info ] Logging initialized
[2026-Aug-17 22:20:15.156 +02:00][23012:18280][info ] Initializing krisp SDK...
[2026-Aug-17 22:20:15.156 +02:00][23012:18280][warning] Failed to setup Krisp module, error code: -3
[2026-Aug-17 22:20:15.156 +02:00][23012:18280][info ] Krisp SDK initialized
[2026-Aug-17 22:21:36.228 +02:00][23012:18280][info ] Logging initialized
[2026-Aug-17 22:21:36.228 +02:00][23012:18280][info ] Initializing krisp SDK...
[2026-Aug-17 22:21:36.228 +02:00][23012:18280][warning] Failed to setup Krisp module, error code: -3
[2026-Aug-17 22:21:36.228 +02:00][23012:18280][info ] Krisp SDK initialized
[2026-Aug-17 22:24:38.544 +02:00][23012:18280][info ] Logging initialized
[2026-Aug-17 22:24:38.544 +02:00][23012:18280][info ] Initializing krisp SDK...
[2026-Aug-17 22:24:38.544 +02:00][23012:18280][warning] Failed to setup Krisp module, error code: -3
[2026-Aug-17 22:24:38.544 +02:00][23012:18280][info ] Krisp SDK initialized
[2026-Aug-17 22:27:59.474 +02:00][23012:18280][info ] Logging initialized
[2026-Aug-17 22:27:59.474 +02:00][23012:18280][info ] Initializing krisp SDK...
[2026-Aug-17 22:27:59.474 +02:00][23012:18280][warning] Failed to setup Krisp module, error code: -3
[2026-Aug-17 22:27:59.474 +02:00][23012:18280][info ] Krisp SDK initialized
[2026-Aug-17 22:30:27.330 +02:00][23012:18280][info ] Logging initialized
[2026-Aug-17 22:30:27.330 +02:00][23012:18280][info ] Initializing krisp SDK...
[2026-Aug-17 22:30:27.330 +02:00][23012:18280][warning] Failed to setup Krisp module, error code: -3
[2026-Aug-17 22:30:27.330 +02:00][23012:18280][info ] Krisp SDK initialized
[2026-Aug-17 22:34:51.631 +02:00][23012:18280][info ] Logging initialized
[2026-Aug-17 22:34:51.631 +02:00][23012:18280][info ] Initializing krisp SDK...
[2026-Aug-17 22:34:51.631 +02:00][23012:18280][warning] Failed to setup Krisp module, error code: -3
[2026-Aug-17 22:34:51.631 +02:00][23012:18280][info ] Krisp SDK initialized
[2026-Aug-17 22:39:09.550 +02:00][23012:18280][info ] Logging initialized
[2026-Aug-17 22:39:09.550 +02:00][23012:18280][info ] Initializing krisp SDK...
[2026-Aug-17 22:39:09.550 +02:00][23012:18280][warning] Failed to setup Krisp module, error code: -3
[2026-Aug-17 22:39:09.551 +02:00][23012:18280][info ] Krisp SDK initialized
[2026-Aug-17 22:47:53.025 +02:00][23012:18280][info ] Logging initialized
[2026-Aug-17 22:47:53.025 +02:00][23012:18280][info ] Initializing krisp SDK...
[2026-Aug-17 22:47:53.025 +02:00][23012:18280][warning] Failed to setup Krisp module, error code: -3
[2026-Aug-17 22:47:53.025 +02:00][23012:18280][info ] Krisp SDK initialized
[2026-Aug-18 00:06:36.040 +02:00][23012:18280][info ] Logging initialized
[2026-Aug-18 00:06:36.040 +02:00][23012:18280][info ] Initializing krisp SDK...
[2026-Aug-18 00:06:36.040 +02:00][23012:18280][warning] Failed to setup Krisp module, error code: -3
[2026-Aug-18 00:06:36.040 +02:00][23012:18280][info ] Krisp SDK initialized
